adventure,post-ending_lives,post-ending_offered_lives,post-ending_completed_lives,post-ending_first_offer_day
A00,18,18,18,1
A07,18,18,18,8
A08,18,18,18,1
A09,18,18,18,1
A10,18,10,10,2
A11,18,9,9,4
A12,18,9,6,4
A13,18,8,8,10
A14,18,18,18,1
A15,18,18,18,13
A16,18,18,18,1
A17,18,0,0,
A18,18,18,18,1
A19,18,18,18,1
A20,18,14,14,19
A23,18,0,0,
A23R,18,0,0,
A24,18,18,6,2
A25,18,18,9,1
A26,18,2,2,30
A27,18,2,2,31
A28,18,3,3,14
A29,18,18,18,2
A29B,18,18,18,23
A29C,18,14,14,24
A30,18,18,18,31
A31,18,18,17,32
A32,18,4,4,49
A33,18,4,4,27
A34,18,18,18,30
A36,18,0,0,
A37,18,18,18,16
A38,18,18,18,1
A39,18,1,1,36
A41,18,18,18,12
A41B,18,14,14,22
A42,18,18,18,4
A43,18,18,18,3
A44,18,18,14,1
A44_N2,18,14,11,2
A44_N3,18,11,11,3
A44_N4,18,11,9,4
A45,18,18,10,1
A46,18,18,18,7
A47,18,14,14,16
A48,18,18,18,1
A49,18,18,12,1
A50,18,18,18,10
A51,18,18,18,16
A52,18,18,8,31
A53,18,18,18,57
A54,18,12,12,33
A55,18,10,10,3
A56,18,9,9,33
A57,18,0,0,
A58,18,14,14,35
ARC_CAMMILE_1,18,0,0,
ARC_CAMMILE_2,18,0,0,
ARC_CAMMILE_3,18,0,0,
ARC_JUNE_1,18,18,18,4
ARC_JUNE_2,18,18,18,11
ARC_JUNE_3,18,7,7,24
ARC_MAZDA_1,18,4,4,50
ARC_MAZDA_2,18,4,4,51
ARC_MAZDA_3,18,2,2,53
ARC_NNEKA_1,18,0,0,
ARC_NNEKA_2,18,0,0,
ARC_NNEKA_3,18,0,0,
ARC_PATRICE_2,18,9,9,11
ARC_PATRICE_3,18,3,3,29
ARMORY,18,6,6,18
ARMORY_WALL,18,1,1,36
A_ANFEESA1,18,10,10,3
A_CAMMILE1,18,0,0,
A_EMBERLY1,18,7,7,2
A_HINA1,18,18,18,1
A_JADE1,18,0,0,
A_LO1,18,10,10,2
A_SMACK2,18,18,18,12
A_TRISTAN,18,18,18,9
A_VELVET1,18,17,17,3
CAFE,18,18,18,3
COFFIN,18,0,0,
COOK,18,18,18,2
DATE,18,18,18,1
F15_EMERALD_L1,18,1,1,13
F15_EMERALD_L2,18,1,1,26
F15_EMERALD_L3,18,1,1,30
F15_EMERALD_L4,18,1,1,32
F15_ROSALYN_L1,18,1,1,19
F15_ROSALYN_L2,18,1,1,20
F15_ROSALYN_L3,18,1,1,22
F15_ROSALYN_L4,18,1,1,25
F15_ROXY_L1,18,1,1,18
F15_ROXY_L2,18,1,1,21
F15_ROXY_L3,18,1,1,22
F15_ROXY_L4,18,1,1,25
FISHTANK,18,1,1,36
GALLERY,18,12,11,2
GARAGE_VIEW,18,1,1,36
GRAVE,18,18,18,1
HOOKAH,18,3,3,32
HOST,18,2,2,34
JOLLOF_WARS,18,18,14,32
KITCHEN,18,4,4,36
KUSH,18,18,8,2
MAID,18,1,1,37
MOONIE_MEET,18,3,3,6
MOVIE,18,2,2,36
NAIJA,18,18,11,4
NEIGHBOR_CASTLE,18,10,10,1
NEW_OGA_ALTERNATIVE,18,2,2,12
NEW_OGA_FINALE,18,5,5,19
NEW_OGA_M1,18,16,16,8
NEW_OGA_M10,18,5,5,17
NEW_OGA_M2,18,11,11,9
NEW_OGA_M3,18,7,7,10
NEW_OGA_M4,18,5,5,11
NEW_OGA_M5,18,5,5,12
NEW_OGA_M6,18,5,5,13
NEW_OGA_M7,18,5,5,14
NEW_OGA_M8,18,5,5,15
NEW_OGA_M9,18,5,5,16
NEW_OGA_VAMPGPT,18,5,5,18
PEKING,18,18,18,1
PIER,18,6,6,5
RB_DELIVERY,18,1,1,29
RETWIST,18,18,18,3
RE_VIEWING,18,0,0,
ROOFTOP_DTLA,18,9,9,4
ROOST,18,2,2,36
SHOP,18,0,0,
SHOW,18,18,13,2
SLURP,18,18,18,2
TACOS,18,18,18,1
TANDEM_BATTLE,18,8,8,10
THRONE,18,0,0,
VENICE,18,18,5,1
