label,persona,seed,day,money,netWorth,rooms,cars,trapHouses,newOgaRank,warRoom
post-ending,homebody,1,1,99906,99906,0,0,0,0,unavailable
post-ending,homebody,1,2,99828,99828,0,0,0,0,unavailable
post-ending,homebody,1,3,99623,99623,0,0,0,0,unavailable
post-ending,homebody,1,4,99591,99591,0,0,0,0,unavailable
post-ending,homebody,1,5,99528,99528,0,0,0,0,unavailable
post-ending,homebody,1,6,99472,99472,0,0,0,0,unavailable
post-ending,homebody,1,7,99454,99454,0,0,0,0,unavailable
post-ending,homebody,1,8,99454,99454,0,0,0,0,unavailable
post-ending,homebody,1,9,95178,95178,0,0,0,0,unavailable
post-ending,homebody,1,10,95102,95102,0,0,0,0,unavailable
post-ending,homebody,1,11,95342,95342,0,0,0,0,unavailable
post-ending,homebody,1,12,95310,95310,0,0,0,0,unavailable
post-ending,homebody,1,13,95190,95190,0,0,0,0,unavailable
post-ending,homebody,1,14,95096,95096,0,0,0,0,unavailable
post-ending,homebody,1,15,95096,95096,0,0,0,0,unavailable
post-ending,homebody,1,16,95008,95008,0,0,0,0,unavailable
post-ending,homebody,1,17,94879,94879,0,0,0,0,unavailable
post-ending,homebody,1,18,95163,95163,0,0,0,0,unavailable
post-ending,homebody,1,19,95103,95103,0,0,0,0,unavailable
post-ending,homebody,1,20,94947,94947,0,0,0,0,unavailable
post-ending,homebody,1,21,94907,94907,0,0,0,0,unavailable
post-ending,homebody,1,22,94907,94907,0,0,0,0,unavailable
post-ending,homebody,1,23,94822,94822,0,0,0,0,unavailable
post-ending,homebody,1,24,94764,94764,0,0,0,0,unavailable
post-ending,homebody,1,25,94750,94750,0,0,0,0,unavailable
post-ending,homebody,1,26,94709,94709,0,0,0,0,unavailable
post-ending,homebody,1,27,94709,94709,0,0,0,0,unavailable
post-ending,homebody,1,28,94510,94510,0,0,0,0,unavailable
post-ending,homebody,1,29,109381,151881,1,0,0,0,unavailable
post-ending,homebody,1,30,109305,151805,1,0,0,0,unavailable
post-ending,homebody,1,31,109243,151743,1,0,0,0,unavailable
post-ending,homebody,1,32,109223,151723,1,0,0,0,unavailable
post-ending,homebody,1,33,109209,151709,1,0,0,0,unavailable
post-ending,homebody,1,34,109209,151709,1,0,0,0,unavailable
post-ending,homebody,1,35,109124,151624,1,0,0,0,unavailable
post-ending,homebody,1,36,109104,151604,1,0,0,0,unavailable
post-ending,homebody,1,37,108998,151498,1,0,0,0,unavailable
post-ending,homebody,1,38,108890,151390,1,0,0,0,unavailable
post-ending,homebody,1,39,108802,151302,1,0,0,0,unavailable
post-ending,homebody,1,40,108352,150852,1,0,0,0,unavailable
post-ending,homebody,1,41,108241,150741,1,0,0,0,unavailable
post-ending,homebody,1,42,108167,150667,1,0,0,0,unavailable
post-ending,homebody,1,43,108049,150549,1,0,0,0,unavailable
post-ending,homebody,1,44,108003,150503,1,0,0,0,unavailable
post-ending,homebody,1,45,107941,150441,1,0,0,0,unavailable
post-ending,homebody,1,46,107915,150415,1,0,0,0,unavailable
post-ending,homebody,1,47,107745,150245,1,0,0,0,unavailable
post-ending,homebody,1,48,107639,150139,1,0,0,0,unavailable
post-ending,homebody,1,49,107580,150080,1,0,0,0,unavailable
post-ending,homebody,1,50,107432,149932,1,0,0,0,unavailable
post-ending,homebody,1,51,107315,149815,1,0,0,0,unavailable
post-ending,homebody,1,52,107254,149754,1,0,0,0,unavailable
post-ending,homebody,1,53,107190,149690,1,0,0,0,unavailable
post-ending,homebody,1,54,107126,149626,1,0,0,0,unavailable
post-ending,homebody,1,55,107000,149500,1,0,0,0,unavailable
post-ending,homebody,1,56,106974,149474,1,0,0,0,unavailable
post-ending,homebody,1,57,96920,194420,2,0,0,0,unavailable
post-ending,homebody,1,58,96350,193850,2,0,0,0,unavailable
post-ending,homebody,1,59,96218,193718,2,0,0,0,unavailable
post-ending,homebody,1,60,96170,193670,2,0,0,0,unavailable
post-ending,homebody,1,61,95700,193200,2,0,0,0,unavailable
post-ending,homebody,1,62,95674,193174,2,0,0,0,unavailable
post-ending,homebody,1,63,95630,193130,2,0,0,0,unavailable
post-ending,homebody,1,64,95480,192980,2,0,0,0,unavailable
post-ending,homebody,1,65,91034,188534,2,0,0,0,unavailable
post-ending,homebody,1,66,90849,188349,2,0,0,0,unavailable
post-ending,homebody,1,67,90747,188247,2,0,0,0,unavailable
post-ending,homebody,1,68,90700,188200,2,0,0,0,unavailable
post-ending,homebody,1,69,90668,188168,2,0,0,0,unavailable
post-ending,homebody,1,70,90542,188042,2,0,0,0,unavailable
post-ending,party,1,1,59871,59871,0,0,0,0,unavailable
post-ending,party,1,2,52015,52015,0,0,0,0,unavailable
post-ending,party,1,3,52193,52193,0,0,0,0,unavailable
post-ending,party,1,4,52156,52156,0,0,0,0,unavailable
post-ending,party,1,5,52063,52063,0,0,0,0,unavailable
post-ending,party,1,6,51891,51891,0,0,0,0,unavailable
post-ending,party,1,7,52143,52143,0,0,0,0,unavailable
post-ending,party,1,8,51947,51947,0,0,0,0,unavailable
post-ending,party,1,9,47709,47709,0,0,0,0,unavailable
post-ending,party,1,10,53553,53553,0,0,0,0,unavailable
post-ending,party,1,11,53331,53331,0,0,0,1,unavailable
post-ending,party,1,12,56331,56331,0,0,0,1,unavailable
post-ending,party,1,13,56295,56295,0,0,0,1,unavailable
post-ending,party,1,14,56169,56169,0,0,0,1,unavailable
post-ending,party,1,15,56135,56135,0,0,0,1,unavailable
post-ending,party,1,16,55886,55886,0,0,0,1,unavailable
post-ending,party,1,17,55553,55553,0,0,0,1,unavailable
post-ending,party,1,18,55431,55431,0,0,0,1,unavailable
post-ending,party,1,19,55397,55397,0,0,0,1,unavailable
post-ending,party,1,20,55311,55311,0,0,0,1,unavailable
post-ending,party,1,21,52311,52311,0,0,0,1,unavailable
post-ending,party,1,22,52273,52273,0,0,0,1,unavailable
post-ending,party,1,23,52101,52101,0,0,0,1,unavailable
post-ending,party,1,24,51920,51920,0,0,0,1,unavailable
post-ending,party,1,25,51850,51850,0,0,0,1,unavailable
post-ending,party,1,26,51710,51710,0,0,0,1,unavailable
post-ending,party,1,27,51674,51674,0,0,0,1,unavailable
post-ending,party,1,28,51642,51642,0,0,0,1,unavailable
post-ending,party,1,29,148945,148945,0,0,0,1,unavailable
post-ending,party,1,30,147026,147026,0,0,0,1,unavailable
post-ending,party,1,31,147026,147026,0,0,0,1,unavailable
post-ending,party,1,32,146954,146954,0,0,0,1,unavailable
post-ending,party,1,33,146740,146740,0,0,0,1,unavailable
post-ending,party,1,34,145764,145764,0,0,0,1,unavailable
post-ending,party,1,35,144370,144370,0,0,0,1,unavailable
post-ending,party,1,36,144313,144313,0,0,0,1,unavailable
post-ending,party,1,37,144103,144103,0,0,0,1,unavailable
post-ending,party,1,38,142204,142204,0,0,0,1,unavailable
post-ending,party,1,39,140251,140251,0,0,0,1,unavailable
post-ending,party,1,40,140025,140025,0,0,0,1,unavailable
post-ending,party,1,41,139095,139095,0,0,0,1,unavailable
post-ending,party,1,42,138597,138597,0,0,0,1,unavailable
post-ending,party,1,43,138407,138407,0,0,0,1,unavailable
post-ending,party,1,44,138334,138334,0,0,0,1,unavailable
post-ending,party,1,45,138231,138231,0,0,0,1,unavailable
post-ending,party,1,46,138051,138051,0,0,0,1,unavailable
post-ending,party,1,47,137895,137895,0,0,0,1,unavailable
post-ending,party,1,48,137732,137732,0,0,0,1,unavailable
post-ending,party,1,49,137570,137570,0,0,0,1,unavailable
post-ending,party,1,50,137442,137442,0,0,0,1,unavailable
post-ending,party,1,51,137285,137285,0,0,0,1,unavailable
post-ending,party,1,52,137116,137116,0,0,0,1,unavailable
post-ending,party,1,53,136500,136500,0,0,0,1,unavailable
post-ending,party,1,54,136352,136352,0,0,0,1,unavailable
post-ending,party,1,55,136203,136203,0,0,0,1,unavailable
post-ending,party,1,56,135241,135241,0,0,0,1,unavailable
post-ending,party,1,57,235422,235422,0,0,0,1,unavailable
post-ending,party,1,58,233552,233552,0,0,0,1,unavailable
post-ending,party,1,59,233409,233409,0,0,0,1,unavailable
post-ending,party,1,60,233205,233205,0,0,0,1,unavailable
post-ending,party,1,61,229428,229428,0,0,0,1,unavailable
post-ending,party,1,62,229374,229374,0,0,0,1,unavailable
post-ending,party,1,63,228936,228936,0,0,0,1,unavailable
post-ending,party,1,64,228766,228766,0,0,0,1,unavailable
post-ending,party,1,65,228637,228637,0,0,0,1,unavailable
post-ending,party,1,66,227473,227473,0,0,0,1,unavailable
post-ending,party,1,67,227336,227336,0,0,0,1,unavailable
post-ending,party,1,68,227252,227252,0,0,0,1,unavailable
post-ending,party,1,69,226378,226378,0,0,0,1,unavailable
post-ending,party,1,70,225169,225169,0,0,0,1,unavailable
post-ending,landlord,1,1,21973,99973,0,1,0,0,unavailable
post-ending,landlord,1,2,21895,99895,0,1,0,0,unavailable
post-ending,landlord,1,3,21734,99734,0,1,0,0,unavailable
post-ending,landlord,1,4,21605,99605,0,1,0,0,unavailable
post-ending,landlord,1,5,21392,99392,0,1,0,0,unavailable
post-ending,landlord,1,6,21249,99249,0,1,0,0,unavailable
post-ending,landlord,1,7,21164,99164,0,1,0,0,unavailable
post-ending,landlord,1,8,27161,105161,0,1,0,0,unavailable
post-ending,landlord,1,9,27143,105143,0,1,0,1,unavailable
post-ending,landlord,1,10,29982,107982,0,1,0,1,unavailable
post-ending,landlord,1,11,29868,107868,0,1,0,1,unavailable
post-ending,landlord,1,12,33208,111208,0,1,0,3,unavailable
post-ending,landlord,1,13,33109,111109,0,1,0,3,unavailable
post-ending,landlord,1,14,33071,111071,0,1,0,4,unavailable
post-ending,landlord,1,15,28833,106833,0,1,0,4,unavailable
post-ending,landlord,1,16,36074,114074,0,1,0,4,unavailable
post-ending,landlord,1,17,36026,114026,0,1,0,4,unavailable
post-ending,landlord,1,18,36026,114026,0,1,0,5,unavailable
post-ending,landlord,1,19,37306,115306,0,1,0,5,unavailable
post-ending,landlord,1,20,37221,115221,0,1,0,5,available
post-ending,landlord,1,21,37137,115137,0,1,0,5,available
post-ending,landlord,1,22,46188,124188,0,1,0,5,available
post-ending,landlord,1,23,46436,124436,0,1,0,5,available
post-ending,landlord,1,24,46342,124342,0,1,0,5,available
post-ending,landlord,1,25,37280,149280,0,1,0,5,available
post-ending,landlord,1,26,47204,159204,0,1,0,5,available
post-ending,landlord,1,27,46968,158968,0,1,0,5,available
post-ending,landlord,1,28,46944,158944,0,1,0,5,available
post-ending,landlord,1,29,155452,267452,0,1,0,5,available
post-ending,landlord,1,30,156786,268786,0,1,0,5,available
post-ending,landlord,1,31,160716,272716,0,1,0,5,available
post-ending,landlord,1,32,25702,212702,1,1,0,5,available
post-ending,landlord,1,33,25469,212469,1,1,0,5,available
post-ending,landlord,1,34,25381,212381,1,1,0,5,available
post-ending,landlord,1,35,25191,212191,1,1,0,5,available
post-ending,landlord,1,36,24686,211686,1,1,0,5,available
post-ending,landlord,1,37,26086,213086,1,1,0,5,available
post-ending,landlord,1,38,22001,209001,1,1,0,5,available
post-ending,landlord,1,39,38213,225213,1,1,0,5,available
post-ending,landlord,1,40,38062,225062,1,1,0,5,available
post-ending,landlord,1,41,38010,225010,1,1,0,5,available
post-ending,landlord,1,42,37805,224805,1,1,0,5,available
post-ending,landlord,1,43,37769,224769,1,1,0,5,available
post-ending,landlord,1,44,39113,226113,1,1,0,5,available
post-ending,landlord,1,45,38934,225934,1,1,0,5,available
post-ending,landlord,1,46,50074,237074,1,1,0,5,available
post-ending,landlord,1,47,49951,236951,1,1,0,5,available
post-ending,landlord,1,48,49819,236819,1,1,0,5,available
post-ending,landlord,1,49,50088,237088,1,1,0,5,available
post-ending,landlord,1,50,56312,243312,1,1,0,5,available
post-ending,landlord,1,51,56460,243460,1,1,0,5,available
post-ending,landlord,1,52,56366,243366,1,1,0,5,available
post-ending,landlord,1,53,71254,258254,1,1,0,5,available
post-ending,landlord,1,54,71130,258130,1,1,0,5,available
post-ending,landlord,1,55,71313,258313,1,1,0,5,available
post-ending,landlord,1,56,71232,258232,1,1,0,5,available
post-ending,landlord,1,57,171001,358001,1,1,0,5,available
post-ending,landlord,1,58,173838,360838,1,1,0,5,available
post-ending,landlord,1,59,173792,360792,1,1,0,5,available
post-ending,landlord,1,60,187416,374416,1,1,0,5,available
post-ending,landlord,1,61,187278,374278,1,1,0,5,available
post-ending,landlord,1,62,187113,374113,1,1,0,5,available
post-ending,landlord,1,63,193392,380392,1,1,0,5,available
post-ending,landlord,1,64,200206,387206,1,1,0,5,available
post-ending,landlord,1,65,199758,386758,1,1,0,5,available
post-ending,landlord,1,66,209131,396131,1,1,0,5,available
post-ending,landlord,1,67,224081,411081,1,1,0,5,available
post-ending,landlord,1,68,223936,410936,1,1,0,5,available
post-ending,landlord,1,69,223922,410922,1,1,0,5,available
post-ending,landlord,1,70,232122,419122,1,1,0,5,available
post-ending,weirdo,1,1,20671,58171,1,0,0,0,unavailable
post-ending,weirdo,1,2,20541,58041,1,0,0,0,unavailable
post-ending,weirdo,1,3,20318,57818,1,0,0,0,unavailable
post-ending,weirdo,1,4,20225,57725,1,0,0,0,unavailable
post-ending,weirdo,1,5,18409,55909,1,0,0,0,unavailable
post-ending,weirdo,1,6,18175,55675,1,0,0,0,unavailable
post-ending,weirdo,1,7,17917,55417,1,0,0,0,unavailable
post-ending,weirdo,1,8,23783,61283,1,0,0,0,unavailable
post-ending,weirdo,1,9,3569,41069,1,0,0,0,unavailable
post-ending,weirdo,1,10,3422,40922,1,0,0,0,unavailable
post-ending,weirdo,1,11,3274,40774,1,0,0,0,unavailable
post-ending,weirdo,1,12,3274,40774,1,0,0,0,unavailable
post-ending,weirdo,1,13,3095,40595,1,0,0,0,unavailable
post-ending,weirdo,1,14,3037,40537,1,0,0,0,unavailable
post-ending,weirdo,1,15,2917,40417,1,0,0,0,unavailable
post-ending,weirdo,1,16,1999,39499,1,0,0,0,unavailable
post-ending,weirdo,1,17,1927,39427,1,0,0,0,unavailable
post-ending,weirdo,1,18,2209,39709,1,0,0,0,unavailable
post-ending,weirdo,1,19,1951,39451,1,0,0,0,unavailable
post-ending,weirdo,1,20,2166,39666,1,0,0,0,unavailable
post-ending,weirdo,1,21,2152,39652,1,0,0,0,unavailable
post-ending,weirdo,1,22,2025,39525,1,0,0,0,unavailable
post-ending,weirdo,1,23,1829,39329,1,0,0,0,unavailable
post-ending,weirdo,1,24,1769,39269,1,0,0,0,unavailable
post-ending,weirdo,1,25,380,37880,1,0,0,0,unavailable
post-ending,weirdo,1,26,288,37788,1,0,0,0,unavailable
post-ending,weirdo,1,27,154,37654,1,0,0,0,unavailable
post-ending,weirdo,1,28,2,37502,1,0,0,0,unavailable
post-ending,weirdo,1,29,14882,52382,1,0,0,0,unavailable
post-ending,weirdo,1,30,11464,48964,1,0,0,0,unavailable
post-ending,weirdo,1,31,11464,48964,1,0,0,0,unavailable
post-ending,weirdo,1,32,11432,48932,1,0,0,0,unavailable
post-ending,weirdo,1,33,11338,48838,1,0,0,0,unavailable
post-ending,weirdo,1,34,11263,48763,1,0,0,0,unavailable
post-ending,weirdo,1,35,11249,48749,1,0,0,0,unavailable
post-ending,weirdo,1,36,11044,48544,1,0,0,0,unavailable
post-ending,weirdo,1,37,10962,48462,1,0,0,0,unavailable
post-ending,weirdo,1,38,10752,48252,1,0,0,0,unavailable
post-ending,weirdo,1,39,10323,47823,1,0,0,0,unavailable
post-ending,weirdo,1,40,10246,47746,1,0,0,0,unavailable
post-ending,weirdo,1,41,10205,47705,1,0,0,0,unavailable
post-ending,weirdo,1,42,9511,47011,1,0,0,0,unavailable
post-ending,weirdo,1,43,9435,46935,1,0,0,0,unavailable
post-ending,weirdo,1,44,9362,46862,1,0,0,0,unavailable
post-ending,weirdo,1,45,9215,46715,1,0,0,0,unavailable
post-ending,weirdo,1,46,9185,46685,1,0,0,0,unavailable
post-ending,weirdo,1,47,7756,45256,1,0,0,0,unavailable
post-ending,weirdo,1,48,7604,45104,1,0,0,0,unavailable
post-ending,weirdo,1,49,7457,44957,1,0,0,0,unavailable
post-ending,weirdo,1,50,7247,44747,1,0,0,0,unavailable
post-ending,weirdo,1,51,6181,43681,1,0,0,0,unavailable
post-ending,weirdo,1,52,2161,39661,1,0,0,0,unavailable
post-ending,weirdo,1,53,2103,39603,1,0,0,0,unavailable
post-ending,weirdo,1,54,2066,39566,1,0,0,0,unavailable
post-ending,weirdo,1,55,1974,39474,1,0,0,0,unavailable
post-ending,weirdo,1,56,1898,39398,1,0,0,0,unavailable
post-ending,weirdo,1,57,101739,139239,1,0,0,0,unavailable
post-ending,weirdo,1,58,99602,137102,1,0,0,0,unavailable
post-ending,weirdo,1,59,99312,136812,1,0,0,0,unavailable
post-ending,weirdo,1,60,99142,136642,1,0,0,0,unavailable
post-ending,weirdo,1,61,99012,136512,1,0,0,0,unavailable
post-ending,weirdo,1,62,98906,136406,1,0,0,0,unavailable
post-ending,weirdo,1,63,98791,136291,1,0,0,0,unavailable
post-ending,weirdo,1,64,94736,132236,1,0,0,0,unavailable
post-ending,weirdo,1,65,94559,132059,1,0,0,0,unavailable
post-ending,weirdo,1,66,94466,131966,1,0,0,0,unavailable
post-ending,weirdo,1,67,94287,131787,1,0,0,0,unavailable
post-ending,weirdo,1,68,94261,131761,1,0,0,0,unavailable
post-ending,weirdo,1,69,90006,127506,1,0,0,0,unavailable
post-ending,weirdo,1,70,89812,127312,1,0,0,0,unavailable
post-ending,trap_committed,1,1,21906,99906,0,1,0,0,unavailable
post-ending,trap_committed,1,2,20974,98974,0,1,0,0,unavailable
post-ending,trap_committed,1,3,19660,97660,0,1,0,0,unavailable
post-ending,trap_committed,1,4,19519,97519,0,1,0,0,unavailable
post-ending,trap_committed,1,5,19462,97462,0,1,0,0,unavailable
post-ending,trap_committed,1,6,16424,94424,0,1,0,0,unavailable
post-ending,trap_committed,1,7,16371,94371,0,1,0,0,unavailable
post-ending,trap_committed,1,8,22182,100182,0,1,0,0,unavailable
post-ending,trap_committed,1,9,22162,100162,0,1,0,1,unavailable
post-ending,trap_committed,1,10,27563,105563,0,1,0,1,unavailable
post-ending,trap_committed,1,11,39531,117531,0,1,0,3,unavailable
post-ending,trap_committed,1,12,39531,117531,0,1,0,3,unavailable
post-ending,trap_committed,1,13,39809,117809,0,1,0,4,unavailable
post-ending,trap_committed,1,14,39616,117616,0,1,0,4,unavailable
post-ending,trap_committed,1,15,40631,118631,0,1,0,4,unavailable
post-ending,trap_committed,1,16,66011,144011,0,1,0,4,accepted
post-ending,trap_committed,1,17,55355,133355,0,1,0,5,accepted
post-ending,trap_committed,1,18,123955,201955,0,1,0,5,accepted
post-ending,trap_committed,1,19,107997,185997,0,1,1,5,accepted
post-ending,trap_committed,1,20,101397,179397,0,1,1,5,accepted
post-ending,trap_committed,1,21,155645,233645,0,1,1,5,accepted
post-ending,trap_committed,1,22,96875,174875,0,1,2,5,accepted
post-ending,trap_committed,1,23,182790,260790,0,1,2,5,accepted
post-ending,trap_committed,1,24,246358,324358,0,1,2,5,accepted
post-ending,trap_committed,1,25,86649,289649,1,1,2,5,accepted
post-ending,trap_committed,1,26,200689,403689,1,1,2,5,accepted
post-ending,trap_committed,1,27,335913,538913,1,1,2,5,accepted
post-ending,trap_committed,1,28,149639,352639,1,1,3,5,accepted
post-ending,trap_committed,1,29,44213,507213,1,2,3,5,accepted
post-ending,trap_committed,1,30,107463,570463,1,2,3,5,accepted
post-ending,trap_committed,1,31,281225,744225,1,2,3,5,accepted
post-ending,trap_committed,1,32,109345,772345,2,2,3,5,accepted
post-ending,trap_committed,1,33,185693,848693,2,2,3,5,accepted
post-ending,trap_committed,1,34,272693,935693,2,2,3,5,accepted
post-ending,trap_committed,1,35,383261,1046261,2,2,3,5,accepted
post-ending,trap_committed,1,36,516293,1179293,2,2,3,5,accepted
post-ending,trap_committed,1,37,31993,1214993,2,3,3,5,closed_fame
post-ending,trap_committed,1,38,82625,1265625,2,3,3,5,closed_fame
post-ending,trap_committed,1,39,119540,1302540,2,3,3,5,closed_fame
post-ending,trap_committed,1,40,185115,1368115,2,3,3,5,closed_fame
post-ending,trap_committed,1,41,204140,1387140,2,3,3,5,closed_fame
post-ending,trap_committed,1,42,222960,1405960,2,3,3,5,closed_fame
post-ending,trap_committed,1,43,241708,1424708,2,3,3,5,closed_fame
post-ending,trap_committed,1,44,568090,1751090,2,3,3,5,closed_fame
post-ending,trap_committed,1,45,741843,1924843,2,3,3,5,closed_fame
post-ending,trap_committed,1,46,821845,2004845,2,3,3,5,closed_fame
post-ending,trap_committed,1,47,910731,2093731,2,3,3,5,closed_fame
post-ending,trap_committed,1,48,983870,2166870,2,3,3,5,closed_fame
post-ending,trap_committed,1,49,1055218,2238218,2,3,3,5,closed_fame
post-ending,trap_committed,1,50,1126550,2309550,2,3,3,5,closed_fame
post-ending,trap_committed,1,51,1197771,2380771,2,3,3,5,closed_fame
post-ending,trap_committed,1,52,1260847,2443847,2,3,3,5,closed_fame
post-ending,trap_committed,1,53,1332102,2515102,2,3,3,5,closed_fame
post-ending,trap_committed,1,54,1416393,2599393,2,3,3,5,closed_fame
post-ending,trap_committed,1,55,1487739,2670739,2,3,3,5,closed_fame
post-ending,trap_committed,1,56,1563664,2746664,2,3,3,5,closed_fame
post-ending,trap_committed,1,57,1734917,2917917,2,3,3,5,closed_fame
post-ending,trap_committed,1,58,1805267,2988267,2,3,3,5,closed_fame
post-ending,trap_committed,1,59,1898184,3081184,2,3,3,5,closed_fame
post-ending,trap_committed,1,60,1969561,3152561,2,3,3,5,closed_fame
post-ending,trap_committed,1,61,2059595,3242595,2,3,3,5,closed_fame
post-ending,trap_committed,1,62,2130981,3313981,2,3,3,5,closed_fame
post-ending,trap_committed,1,63,2202358,3385358,2,3,3,5,closed_fame
post-ending,trap_committed,1,64,2273694,3456694,2,3,3,5,closed_fame
post-ending,trap_committed,1,65,2352882,3535882,2,3,3,5,closed_fame
post-ending,trap_committed,1,66,2438782,3621782,2,3,3,5,closed_fame
post-ending,trap_committed,1,67,2506559,3689559,2,3,3,5,closed_fame
post-ending,trap_committed,1,68,2595705,3778705,2,3,3,5,closed_fame
post-ending,trap_committed,1,69,2667091,3850091,2,3,3,5,closed_fame
post-ending,trap_committed,1,70,2738406,3921406,2,3,3,5,closed_fame
post-ending,trap_careful,1,1,21982,99982,0,1,0,0,unavailable
post-ending,trap_careful,1,2,21824,99824,0,1,0,0,unavailable
post-ending,trap_careful,1,3,21824,99824,0,1,0,0,unavailable
post-ending,trap_careful,1,4,21743,99743,0,1,0,0,unavailable
post-ending,trap_careful,1,5,18988,96988,0,1,0,0,unavailable
post-ending,trap_careful,1,6,15170,93170,0,1,0,0,unavailable
post-ending,trap_careful,1,7,10741,88741,0,1,0,0,unavailable
post-ending,trap_careful,1,8,16647,94647,0,1,0,0,unavailable
post-ending,trap_careful,1,9,16611,94611,0,1,0,1,unavailable
post-ending,trap_careful,1,10,16573,94573,0,1,0,1,unavailable
post-ending,trap_careful,1,11,28488,106488,0,1,0,3,unavailable
post-ending,trap_careful,1,12,28488,106488,0,1,0,3,unavailable
post-ending,trap_careful,1,13,27250,105250,0,1,0,4,unavailable
post-ending,trap_careful,1,14,27180,105180,0,1,0,4,unavailable
post-ending,trap_careful,1,15,27125,105125,0,1,0,4,unavailable
post-ending,trap_careful,1,16,58110,136110,0,1,0,4,accepted
post-ending,trap_careful,1,17,62609,140609,0,1,0,5,accepted
post-ending,trap_careful,1,18,60751,138751,0,1,0,5,accepted
post-ending,trap_careful,1,19,68241,146241,0,1,0,5,accepted
post-ending,trap_careful,1,20,99227,177227,0,1,0,5,accepted
post-ending,trap_careful,1,21,98968,176968,0,1,0,5,accepted
post-ending,trap_careful,1,22,97492,175492,0,1,0,5,accepted
post-ending,trap_careful,1,23,63868,141868,0,1,0,5,accepted
post-ending,trap_careful,1,24,75782,153782,0,1,0,5,accepted
post-ending,trap_careful,1,25,108075,186075,0,1,0,5,accepted
post-ending,trap_careful,1,26,85527,163527,0,1,1,5,accepted
post-ending,trap_careful,1,27,66984,144984,0,1,1,5,accepted
post-ending,trap_careful,1,28,98330,176330,0,1,1,5,accepted
post-ending,trap_careful,1,29,80673,158673,0,1,2,5,accepted
post-ending,trap_careful,1,30,119917,197917,0,1,2,5,accepted
post-ending,trap_careful,1,31,190152,268152,0,1,2,5,accepted
post-ending,trap_careful,1,32,223392,301392,0,1,2,5,accepted
post-ending,trap_careful,1,33,294692,372692,0,1,2,5,accepted
post-ending,trap_careful,1,34,87854,290854,1,1,2,5,accepted
post-ending,trap_careful,1,35,142925,345925,1,1,2,5,accepted
post-ending,trap_careful,1,36,174229,377229,1,1,2,5,accepted
post-ending,trap_careful,1,37,162362,365362,1,1,2,5,closed_fame
post-ending,trap_careful,1,38,185962,388962,1,1,2,5,closed_fame
post-ending,trap_careful,1,39,256261,459261,1,1,2,5,closed_fame
post-ending,trap_careful,1,40,263741,466741,1,1,2,5,closed_fame
post-ending,trap_careful,1,41,290223,493223,1,1,2,5,closed_fame
post-ending,trap_careful,1,42,48104,251104,1,1,3,5,closed_fame
post-ending,trap_careful,1,43,61268,264268,1,1,3,5,closed_fame
post-ending,trap_careful,1,44,79021,282021,1,1,3,5,closed_fame
post-ending,trap_careful,1,45,133977,336977,1,1,3,5,closed_fame
post-ending,trap_careful,1,46,169583,372583,1,1,3,5,closed_fame
post-ending,trap_careful,1,47,223239,426239,1,1,3,5,closed_fame
post-ending,trap_careful,1,48,258883,461883,1,1,3,5,closed_fame
post-ending,trap_careful,1,49,289463,492463,1,1,3,5,closed_fame
post-ending,trap_careful,1,50,331248,534248,1,1,3,5,closed_fame
post-ending,trap_careful,1,51,365076,568076,1,1,3,5,closed_fame
post-ending,trap_careful,1,52,398878,601878,1,1,3,5,closed_fame
post-ending,trap_careful,1,53,417608,620608,1,1,3,5,closed_fame
post-ending,trap_careful,1,54,449735,652735,1,1,3,5,closed_fame
post-ending,trap_careful,1,55,766076,969076,1,1,3,5,closed_fame
post-ending,trap_careful,1,56,977344,1180344,1,1,3,5,closed_fame
post-ending,trap_careful,1,57,1155264,1358264,1,1,3,5,closed_fame
post-ending,trap_careful,1,58,1226919,1429919,1,1,3,5,closed_fame
post-ending,trap_careful,1,59,1312810,1515810,1,1,3,5,closed_fame
post-ending,trap_careful,1,60,1384077,1587077,1,1,3,5,closed_fame
post-ending,trap_careful,1,61,1454463,1657463,1,1,3,5,closed_fame
post-ending,trap_careful,1,62,1522067,1725067,1,1,3,5,closed_fame
post-ending,trap_careful,1,63,1593399,1796399,1,1,3,5,closed_fame
post-ending,trap_careful,1,64,1664685,1867685,1,1,3,5,closed_fame
post-ending,trap_careful,1,65,1736266,1939266,1,1,3,5,closed_fame
post-ending,trap_careful,1,66,1832057,2035057,1,1,3,5,closed_fame
post-ending,trap_careful,1,67,1898802,2101802,1,1,3,5,closed_fame
post-ending,trap_careful,1,68,1987764,2190764,1,1,3,5,closed_fame
post-ending,trap_careful,1,69,2058015,2261015,1,1,3,5,closed_fame
post-ending,trap_careful,1,70,2104415,2307415,1,1,3,5,closed_fame
post-ending,trap_aggressive,1,1,21871,99871,0,1,0,0,unavailable
post-ending,trap_aggressive,1,2,17993,95993,0,1,0,0,unavailable
post-ending,trap_aggressive,1,3,18306,96306,0,1,0,0,unavailable
post-ending,trap_aggressive,1,4,18508,96508,0,1,0,0,unavailable
post-ending,trap_aggressive,1,5,18342,96342,0,1,0,0,unavailable
post-ending,trap_aggressive,1,6,18620,96620,0,1,0,0,unavailable
post-ending,trap_aggressive,1,7,18830,96830,0,1,0,0,unavailable
post-ending,trap_aggressive,1,8,25105,103105,0,1,0,0,unavailable
post-ending,trap_aggressive,1,9,25345,103345,0,1,0,1,unavailable
post-ending,trap_aggressive,1,10,28251,106251,0,1,0,1,unavailable
post-ending,trap_aggressive,1,11,40219,118219,0,1,0,3,unavailable
post-ending,trap_aggressive,1,12,15564,93564,0,1,0,3,unavailable
post-ending,trap_aggressive,1,13,15910,93910,0,1,0,4,unavailable
post-ending,trap_aggressive,1,14,22526,100526,0,1,0,4,unavailable
post-ending,trap_aggressive,1,15,22742,100742,0,1,0,4,unavailable
post-ending,trap_aggressive,1,16,21747,99747,0,0,0,5,accepted
post-ending,trap_aggressive,1,17,22080,100080,0,0,0,5,accepted
post-ending,trap_aggressive,1,18,22080,100080,0,0,0,5,accepted
post-ending,trap_aggressive,1,19,21942,99942,0,0,0,5,accepted
post-ending,trap_aggressive,1,20,23112,101112,0,0,0,5,accepted
post-ending,trap_aggressive,1,21,19396,97396,0,0,0,5,accepted
post-ending,trap_aggressive,1,22,19320,97320,0,0,0,5,accepted
post-ending,trap_aggressive,1,23,19244,97244,0,0,0,5,accepted
post-ending,trap_aggressive,1,24,33141,111141,0,0,0,5,accepted
post-ending,trap_aggressive,1,25,78924,156924,0,0,0,5,accepted
post-ending,trap_aggressive,1,26,17717,95717,0,0,1,5,accepted
post-ending,trap_aggressive,1,27,28704,106704,0,0,1,5,accepted
post-ending,trap_aggressive,1,28,34248,112248,0,0,1,5,accepted
post-ending,trap_aggressive,1,29,114848,192848,0,0,1,5,accepted
post-ending,trap_aggressive,1,30,95372,173372,0,0,1,5,accepted
post-ending,trap_aggressive,1,31,90972,168972,0,0,1,5,accepted
post-ending,trap_aggressive,1,32,96543,174543,0,0,1,5,accepted
post-ending,trap_aggressive,1,33,101985,179985,0,0,1,5,accepted
post-ending,trap_aggressive,1,34,106667,184667,0,0,1,5,accepted
post-ending,trap_aggressive,1,35,112109,190109,0,0,1,5,accepted
post-ending,trap_aggressive,1,36,117667,195667,0,0,1,5,accepted
post-ending,trap_aggressive,1,37,123111,201111,0,0,1,5,closed_fame
post-ending,trap_aggressive,1,38,52691,130691,0,0,1,5,closed_fame
post-ending,trap_aggressive,1,39,55735,133735,0,0,1,5,closed_fame
post-ending,trap_aggressive,1,40,61303,139303,0,0,1,5,closed_fame
post-ending,trap_aggressive,1,41,66692,144692,0,0,1,5,closed_fame
post-ending,trap_aggressive,1,42,72130,150130,0,0,1,5,closed_fame
post-ending,trap_aggressive,1,43,77698,155698,0,0,1,5,closed_fame
post-ending,trap_aggressive,1,44,83176,161176,0,0,1,5,closed_fame
post-ending,trap_aggressive,1,45,43945,121945,0,0,1,5,closed_fame
post-ending,trap_aggressive,1,46,48129,126129,0,0,1,5,closed_fame
post-ending,trap_aggressive,1,47,43459,121459,0,0,1,5,closed_fame
post-ending,trap_aggressive,1,48,42515,120515,0,0,1,5,closed_fame
post-ending,trap_aggressive,1,49,53096,131096,0,0,1,5,closed_fame
post-ending,trap_aggressive,1,50,64258,142258,0,0,1,5,closed_fame
post-ending,trap_aggressive,1,51,75322,153322,0,0,1,5,closed_fame
post-ending,trap_aggressive,1,52,102018,180018,0,0,1,5,closed_fame
post-ending,trap_aggressive,1,53,113142,191142,0,0,1,5,closed_fame
post-ending,trap_aggressive,1,54,124319,202319,0,0,1,5,closed_fame
post-ending,trap_aggressive,1,55,135400,213400,0,0,1,5,closed_fame
post-ending,trap_aggressive,1,56,146580,224580,0,0,1,5,closed_fame
post-ending,trap_aggressive,1,57,112122,190122,0,0,2,5,closed_fame
post-ending,trap_aggressive,1,58,119455,197455,0,0,2,5,closed_fame
post-ending,trap_aggressive,1,59,139603,217603,0,0,2,5,closed_fame
post-ending,trap_aggressive,1,60,158765,236765,0,0,2,5,closed_fame
post-ending,trap_aggressive,1,61,178271,256271,0,0,2,5,closed_fame
post-ending,trap_aggressive,1,62,197811,275811,0,0,2,5,closed_fame
post-ending,trap_aggressive,1,63,217359,295359,0,0,2,5,closed_fame
post-ending,trap_aggressive,1,64,243888,321888,0,0,2,5,closed_fame
post-ending,trap_aggressive,1,65,10850,88850,0,0,3,5,closed_fame
post-ending,trap_aggressive,1,66,16505,94505,0,0,3,5,closed_fame
post-ending,trap_aggressive,1,67,55598,133598,0,0,3,5,closed_fame
post-ending,trap_aggressive,1,68,150695,228695,0,0,3,5,closed_fame
post-ending,trap_aggressive,1,69,161757,239757,0,0,3,5,closed_fame
post-ending,trap_aggressive,1,70,178628,256628,0,0,3,5,closed_fame
post-ending,trap_wholesale,1,1,21930,99930,0,1,0,0,unavailable
post-ending,trap_wholesale,1,2,21832,99832,0,1,0,0,unavailable
post-ending,trap_wholesale,1,3,21672,99672,0,1,0,0,unavailable
post-ending,trap_wholesale,1,4,21481,99481,0,1,0,0,unavailable
post-ending,trap_wholesale,1,5,21402,99402,0,1,0,0,unavailable
post-ending,trap_wholesale,1,6,19451,97451,0,1,0,0,unavailable
post-ending,trap_wholesale,1,7,19396,97396,0,1,0,0,unavailable
post-ending,trap_wholesale,1,8,25276,103276,0,1,0,0,unavailable
post-ending,trap_wholesale,1,9,5156,83156,0,1,0,0,unavailable
post-ending,trap_wholesale,1,10,4913,82913,0,1,0,0,unavailable
post-ending,trap_wholesale,1,11,4897,82897,0,1,0,0,unavailable
post-ending,trap_wholesale,1,12,4897,82897,0,1,0,0,unavailable
post-ending,trap_wholesale,1,13,1974,79974,0,1,0,0,unavailable
post-ending,trap_wholesale,1,14,2257,80257,0,1,0,0,unavailable
post-ending,trap_wholesale,1,15,3124,81124,0,1,0,0,unavailable
post-ending,trap_wholesale,1,16,2979,80979,0,1,0,0,unavailable
post-ending,trap_wholesale,1,17,50520,128520,0,1,0,0,accepted
post-ending,trap_wholesale,1,18,73226,151226,0,1,0,0,accepted
post-ending,trap_wholesale,1,19,92136,170136,0,1,0,0,accepted
post-ending,trap_wholesale,1,20,50991,128991,0,1,1,0,accepted
post-ending,trap_wholesale,1,21,52292,130292,0,1,1,0,accepted
post-ending,trap_wholesale,1,22,59960,137960,0,1,1,0,accepted
post-ending,trap_wholesale,1,23,44709,122709,0,1,1,0,accepted
post-ending,trap_wholesale,1,24,111104,189104,0,1,1,0,accepted
post-ending,trap_wholesale,1,25,26166,104166,0,1,1,0,accepted
post-ending,trap_wholesale,1,26,61856,139856,0,1,1,0,accepted
post-ending,trap_wholesale,1,27,73336,151336,0,1,1,0,accepted
post-ending,trap_wholesale,1,28,97207,175207,0,1,1,0,accepted
post-ending,trap_wholesale,1,29,87932,165932,0,1,2,0,accepted
post-ending,trap_wholesale,1,30,142789,220789,0,1,2,0,accepted
post-ending,trap_wholesale,1,31,97389,175389,0,1,2,0,accepted
post-ending,trap_wholesale,1,32,129297,207297,0,1,2,0,accepted
post-ending,trap_wholesale,1,33,147877,225877,0,1,2,0,accepted
post-ending,trap_wholesale,1,34,165163,243163,0,1,2,0,accepted
post-ending,trap_wholesale,1,35,206870,284870,0,1,2,0,accepted
post-ending,trap_wholesale,1,36,267718,345718,0,1,2,0,accepted
post-ending,trap_wholesale,1,37,259265,337265,0,1,2,0,closed_fame
post-ending,trap_wholesale,1,38,250402,328402,0,1,2,0,closed_fame
post-ending,trap_wholesale,1,39,238212,316212,0,1,2,0,closed_fame
post-ending,trap_wholesale,1,40,229706,307706,0,1,2,0,closed_fame
post-ending,trap_wholesale,1,41,221168,299168,0,1,2,0,closed_fame
post-ending,trap_wholesale,1,42,210894,288894,0,1,2,0,closed_fame
post-ending,trap_wholesale,1,43,207820,285820,0,1,2,0,closed_fame
post-ending,trap_wholesale,1,44,199301,277301,0,1,2,0,closed_fame
post-ending,trap_wholesale,1,45,194228,272228,0,1,2,0,closed_fame
post-ending,trap_wholesale,1,46,185709,263709,0,1,2,0,closed_fame
post-ending,trap_wholesale,1,47,186097,264097,0,1,2,0,closed_fame
post-ending,trap_wholesale,1,48,177568,255568,0,1,2,0,closed_fame
post-ending,trap_wholesale,1,49,169098,247098,0,1,2,0,closed_fame
post-ending,trap_wholesale,1,50,160877,238877,0,1,2,0,closed_fame
post-ending,trap_wholesale,1,51,152332,230332,0,1,2,0,closed_fame
post-ending,trap_wholesale,1,52,145238,223238,0,1,2,0,closed_fame
post-ending,trap_wholesale,1,53,136751,214751,0,1,2,0,closed_fame
post-ending,trap_wholesale,1,54,128405,206405,0,1,2,0,closed_fame
post-ending,trap_wholesale,1,55,128310,206310,0,1,2,0,closed_fame
post-ending,trap_wholesale,1,56,119802,197802,0,1,2,0,closed_fame
post-ending,trap_wholesale,1,57,211355,289355,0,1,2,0,closed_fame
post-ending,trap_wholesale,1,58,202916,280916,0,1,2,0,closed_fame
post-ending,trap_wholesale,1,59,201045,279045,0,1,2,0,closed_fame
post-ending,trap_wholesale,1,60,192613,270613,0,1,2,0,closed_fame
post-ending,trap_wholesale,1,61,184055,262055,0,1,2,0,closed_fame
post-ending,trap_wholesale,1,62,175603,253603,0,1,2,0,closed_fame
post-ending,trap_wholesale,1,63,167109,245109,0,1,2,0,closed_fame
post-ending,trap_wholesale,1,64,158119,236119,0,1,2,0,closed_fame
post-ending,trap_wholesale,1,65,149662,227662,0,1,2,0,closed_fame
post-ending,trap_wholesale,1,66,150544,228544,0,1,2,0,closed_fame
post-ending,trap_wholesale,1,67,142006,220006,0,1,2,0,closed_fame
post-ending,trap_wholesale,1,68,132982,210982,0,1,2,0,closed_fame
post-ending,trap_wholesale,1,69,124506,202506,0,1,2,0,closed_fame
post-ending,trap_wholesale,1,70,115110,193110,0,1,2,0,closed_fame
post-ending,collector,1,1,21896,99896,0,1,0,0,unavailable
post-ending,collector,1,2,21639,99639,0,1,0,0,unavailable
post-ending,collector,1,3,21540,99540,0,1,0,0,unavailable
post-ending,collector,1,4,18032,96032,0,1,0,0,unavailable
post-ending,collector,1,5,17873,95873,0,1,0,0,unavailable
post-ending,collector,1,6,17630,95630,0,1,0,0,unavailable
post-ending,collector,1,7,17516,95516,0,1,0,0,unavailable
post-ending,collector,1,8,17303,95303,0,1,0,0,unavailable
post-ending,collector,1,9,17275,95275,0,1,0,0,unavailable
post-ending,collector,1,10,17160,95160,0,1,0,0,unavailable
post-ending,collector,1,11,17039,95039,0,1,0,0,unavailable
post-ending,collector,1,12,17039,95039,0,1,0,0,unavailable
post-ending,collector,1,13,17337,95337,0,1,0,0,unavailable
post-ending,collector,1,14,17279,95279,0,1,0,0,unavailable
post-ending,collector,1,15,17096,95096,0,1,0,0,unavailable
post-ending,collector,1,16,15791,93791,0,1,0,0,unavailable
post-ending,collector,1,17,15773,93773,0,1,0,0,unavailable
post-ending,collector,1,18,11697,89697,0,1,0,0,unavailable
post-ending,collector,1,19,11697,89697,0,1,0,0,unavailable
post-ending,collector,1,20,11453,89453,0,1,0,0,unavailable
post-ending,collector,1,21,11326,89326,0,1,0,0,unavailable
post-ending,collector,1,22,11294,89294,0,1,0,0,unavailable
post-ending,collector,1,23,7157,85157,0,1,0,0,unavailable
post-ending,collector,1,24,6619,84619,0,1,0,0,unavailable
post-ending,collector,1,25,6374,84374,0,1,0,0,unavailable
post-ending,collector,1,26,6257,84257,0,1,0,0,unavailable
post-ending,collector,1,27,6219,84219,0,1,0,0,unavailable
post-ending,collector,1,28,6000,84000,0,1,0,0,unavailable
post-ending,collector,1,29,105946,183946,0,1,0,0,unavailable
post-ending,collector,1,30,105870,183870,0,1,0,0,unavailable
post-ending,collector,1,31,109830,187830,0,1,0,0,unavailable
post-ending,collector,1,32,109830,187830,0,1,0,0,unavailable
post-ending,collector,1,33,109749,187749,0,1,0,0,unavailable
post-ending,collector,1,34,109731,187731,0,1,0,0,unavailable
post-ending,collector,1,35,109708,187708,0,1,0,0,unavailable
post-ending,collector,1,36,109469,187469,0,1,0,0,unavailable
post-ending,collector,1,37,117399,195399,0,1,0,0,unavailable
post-ending,collector,1,38,117231,195231,0,1,0,0,unavailable
post-ending,collector,1,39,117126,195126,0,1,0,0,unavailable
post-ending,collector,1,40,117054,195054,0,1,0,0,unavailable
post-ending,collector,1,41,116794,194794,0,1,0,0,unavailable
post-ending,collector,1,42,116573,194573,0,1,0,0,unavailable
post-ending,collector,1,43,122016,200016,0,1,0,0,unavailable
post-ending,collector,1,44,121924,199924,0,1,0,0,unavailable
post-ending,collector,1,45,121763,199763,0,1,0,0,unavailable
post-ending,collector,1,46,117749,195749,0,1,0,0,unavailable
post-ending,collector,1,47,116803,194803,0,1,0,0,unavailable
post-ending,collector,1,48,116680,194680,0,1,0,0,unavailable
post-ending,collector,1,49,118415,196415,0,1,0,0,unavailable
post-ending,collector,1,50,118389,196389,0,1,0,0,unavailable
post-ending,collector,1,51,118241,196241,0,1,0,0,unavailable
post-ending,collector,1,52,118162,196162,0,1,0,0,unavailable
post-ending,collector,1,53,116344,194344,0,1,0,0,unavailable
post-ending,collector,1,54,115795,193795,0,1,0,0,unavailable
post-ending,collector,1,55,123869,201869,0,1,0,0,unavailable
post-ending,collector,1,56,123770,201770,0,1,0,0,unavailable
post-ending,collector,1,57,223532,301532,0,1,0,0,unavailable
post-ending,collector,1,58,223463,301463,0,1,0,0,unavailable
post-ending,collector,1,59,223276,301276,0,1,0,0,unavailable
post-ending,collector,1,60,223108,301108,0,1,0,0,unavailable
post-ending,collector,1,61,222992,300992,0,1,0,0,unavailable
post-ending,collector,1,62,222942,300942,0,1,0,0,unavailable
post-ending,collector,1,63,222033,300033,0,1,0,0,unavailable
post-ending,collector,1,64,221890,299890,0,1,0,0,unavailable
post-ending,collector,1,65,221752,299752,0,1,0,0,unavailable
post-ending,collector,1,66,221541,299541,0,1,0,0,unavailable
post-ending,collector,1,67,221525,299525,0,1,0,0,unavailable
post-ending,collector,1,68,221002,299002,0,1,0,0,unavailable
post-ending,collector,1,69,230109,308109,0,1,0,0,unavailable
post-ending,collector,1,70,229907,307907,0,1,0,0,unavailable
post-ending,musician,1,1,99977,99977,0,0,0,0,unavailable
post-ending,musician,1,2,99720,99720,0,0,0,0,unavailable
post-ending,musician,1,3,99960,99960,0,0,0,0,unavailable
post-ending,musician,1,4,99078,99078,0,0,0,0,unavailable
post-ending,musician,1,5,98975,98975,0,0,0,0,unavailable
post-ending,musician,1,6,98861,98861,0,0,0,0,unavailable
post-ending,musician,1,7,99065,99065,0,0,0,0,unavailable
post-ending,musician,1,8,99396,99396,0,0,0,0,unavailable
post-ending,musician,1,9,95120,95120,0,0,0,0,unavailable
post-ending,musician,1,10,91482,91482,0,0,0,0,unavailable
post-ending,musician,1,11,91370,91370,0,0,0,0,unavailable
post-ending,musician,1,12,91370,91370,0,0,0,0,unavailable
post-ending,musician,1,13,91338,91338,0,0,0,0,unavailable
post-ending,musician,1,14,91644,91644,0,0,0,0,unavailable
post-ending,musician,1,15,91503,91503,0,0,0,0,unavailable
post-ending,musician,1,16,91441,91441,0,0,0,0,unavailable
post-ending,musician,1,17,91781,91781,0,0,0,0,unavailable
post-ending,musician,1,18,90206,90206,0,0,0,0,unavailable
post-ending,musician,1,19,90103,90103,0,0,0,0,unavailable
post-ending,musician,1,20,89381,89381,0,0,0,0,unavailable
post-ending,musician,1,21,89576,89576,0,0,0,0,unavailable
post-ending,musician,1,22,89553,89553,0,0,0,0,unavailable
post-ending,musician,1,23,89388,89388,0,0,0,0,unavailable
post-ending,musician,1,24,89719,89719,0,0,0,0,unavailable
post-ending,musician,1,25,89590,89590,0,0,0,0,unavailable
post-ending,musician,1,26,89830,89830,0,0,0,0,unavailable
post-ending,musician,1,27,90032,90032,0,0,0,0,unavailable
post-ending,musician,1,28,90268,90268,0,0,0,0,unavailable
post-ending,musician,1,29,70573,130573,1,0,0,0,unavailable
post-ending,musician,1,30,70417,130417,1,0,0,0,unavailable
post-ending,musician,1,31,70417,130417,1,0,0,0,unavailable
post-ending,musician,1,32,70323,130323,1,0,0,0,unavailable
post-ending,musician,1,33,70300,130300,1,0,0,0,unavailable
post-ending,musician,1,34,70300,130300,1,0,0,0,unavailable
post-ending,musician,1,35,70218,130218,1,0,0,0,unavailable
post-ending,musician,1,36,69789,129789,1,0,0,0,unavailable
post-ending,musician,1,37,67913,127913,1,0,0,0,unavailable
post-ending,musician,1,38,65388,125388,1,0,0,0,unavailable
post-ending,musician,1,39,65276,125276,1,0,0,0,unavailable
post-ending,musician,1,40,65490,125490,1,0,0,0,unavailable
post-ending,musician,1,41,65241,125241,1,0,0,0,unavailable
post-ending,musician,1,42,65106,125106,1,0,0,0,unavailable
post-ending,musician,1,43,63584,123584,1,0,0,0,unavailable
post-ending,musician,1,44,63431,123431,1,0,0,0,unavailable
post-ending,musician,1,45,63337,123337,1,0,0,0,unavailable
post-ending,musician,1,46,63655,123655,1,0,0,0,unavailable
post-ending,musician,1,47,63590,123590,1,0,0,0,unavailable
post-ending,musician,1,48,63779,123779,1,0,0,0,unavailable
post-ending,musician,1,49,62507,122507,1,0,0,0,unavailable
post-ending,musician,1,50,62478,122478,1,0,0,0,unavailable
post-ending,musician,1,51,62400,122400,1,0,0,0,unavailable
post-ending,musician,1,52,57971,117971,1,0,0,0,unavailable
post-ending,musician,1,53,57739,117739,1,0,0,0,unavailable
post-ending,musician,1,54,54470,114470,1,0,0,0,unavailable
post-ending,musician,1,55,54682,114682,1,0,0,0,unavailable
post-ending,musician,1,56,53174,113174,1,0,0,0,unavailable
post-ending,musician,1,57,153132,213132,1,0,0,0,unavailable
post-ending,musician,1,58,151247,211247,1,0,0,0,unavailable
post-ending,musician,1,59,151095,211095,1,0,0,0,unavailable
post-ending,musician,1,60,150974,210974,1,0,0,0,unavailable
post-ending,musician,1,61,150923,210923,1,0,0,0,unavailable
post-ending,musician,1,62,151209,211209,1,0,0,0,unavailable
post-ending,musician,1,63,151479,211479,1,0,0,0,unavailable
post-ending,musician,1,64,151371,211371,1,0,0,0,unavailable
post-ending,musician,1,65,151267,211267,1,0,0,0,unavailable
post-ending,musician,1,66,146918,206918,1,0,0,0,unavailable
post-ending,musician,1,67,147192,207192,1,0,0,0,unavailable
post-ending,musician,1,68,147468,207468,1,0,0,0,unavailable
post-ending,musician,1,69,147301,207301,1,0,0,0,unavailable
post-ending,musician,1,70,147172,207172,1,0,0,0,unavailable
post-ending,drifter,1,1,21936,99936,0,1,0,0,unavailable
post-ending,drifter,1,2,19978,97978,0,1,0,0,unavailable
post-ending,drifter,1,3,15964,93964,0,1,0,0,unavailable
post-ending,drifter,1,4,15844,93844,0,1,0,0,unavailable
post-ending,drifter,1,5,11968,89968,0,1,0,0,unavailable
post-ending,drifter,1,6,11830,89830,0,1,0,0,unavailable
post-ending,drifter,1,7,11801,89801,0,1,0,0,unavailable
post-ending,drifter,1,8,11783,89783,0,1,0,0,unavailable
post-ending,drifter,1,9,11707,89707,0,1,0,0,unavailable
post-ending,drifter,1,10,10671,88671,0,1,0,0,unavailable
post-ending,drifter,1,11,10619,88619,0,1,0,0,unavailable
post-ending,drifter,1,12,10619,88619,0,1,0,0,unavailable
post-ending,drifter,1,13,10885,88885,0,1,0,0,unavailable
post-ending,drifter,1,14,10871,88871,0,1,0,0,unavailable
post-ending,drifter,1,15,9935,87935,0,1,0,0,unavailable
post-ending,drifter,1,16,6850,84850,0,1,0,0,available
post-ending,drifter,1,17,6736,84736,0,1,0,0,available
post-ending,drifter,1,18,16513,94513,0,1,0,0,available
post-ending,drifter,1,19,17855,95855,0,1,0,0,available
post-ending,drifter,1,20,19041,97041,0,1,0,0,available
post-ending,drifter,1,21,19041,97041,0,1,0,0,available
post-ending,drifter,1,22,18905,96905,0,1,0,0,available
post-ending,drifter,1,23,18467,96467,0,1,0,0,available
post-ending,drifter,1,24,18710,96710,0,1,0,0,available
post-ending,drifter,1,25,16174,94174,0,1,0,0,available
post-ending,drifter,1,26,15985,93985,0,1,0,0,available
post-ending,drifter,1,27,21272,99272,0,1,0,0,available
post-ending,drifter,1,28,24025,102025,0,1,0,0,available
post-ending,drifter,1,29,85928,201928,0,2,0,0,available
post-ending,drifter,1,30,80564,196564,0,2,0,0,available
post-ending,drifter,1,31,84679,200679,0,2,0,0,available
post-ending,drifter,1,32,84665,200665,0,2,0,0,available
post-ending,drifter,1,33,84894,200894,0,2,0,0,available
post-ending,drifter,1,34,83949,199949,0,2,0,0,available
post-ending,drifter,1,35,83811,199811,0,2,0,0,available
post-ending,drifter,1,36,93940,209940,0,2,0,0,available
post-ending,drifter,1,37,102111,218111,0,2,0,0,available
post-ending,drifter,1,38,102111,218111,0,2,0,0,available
post-ending,drifter,1,39,100250,216250,0,2,0,0,available
post-ending,drifter,1,40,100089,216089,0,2,0,0,available
post-ending,drifter,1,41,7189,123189,0,2,0,0,available
post-ending,drifter,1,42,8224,124224,0,2,0,0,available
post-ending,drifter,1,43,6977,122977,0,2,0,0,available
post-ending,drifter,1,44,15488,131488,0,2,0,0,available
post-ending,drifter,1,45,15369,131369,0,2,0,0,available
post-ending,drifter,1,46,15491,131491,0,2,0,0,available
post-ending,drifter,1,47,15815,131815,0,2,0,0,available
post-ending,drifter,1,48,14006,130006,0,2,0,0,available
post-ending,drifter,1,49,13974,129974,0,2,0,0,available
post-ending,drifter,1,50,19733,135733,0,2,0,0,available
post-ending,drifter,1,51,19653,135653,0,2,0,0,available
post-ending,drifter,1,52,19576,135576,0,2,0,0,available
post-ending,drifter,1,53,19859,135859,0,2,0,0,available
post-ending,drifter,1,54,20219,136219,0,2,0,0,available
post-ending,drifter,1,55,20187,136187,0,2,0,0,available
post-ending,drifter,1,56,24506,140506,0,2,0,0,available
post-ending,drifter,1,57,123853,239853,0,2,0,0,available
post-ending,drifter,1,58,123661,239661,0,2,0,0,available
post-ending,drifter,1,59,123900,239900,0,2,0,0,available
post-ending,drifter,1,60,124137,240137,0,2,0,0,available
post-ending,drifter,1,61,123972,239972,0,2,0,0,available
post-ending,drifter,1,62,123843,239843,0,2,0,0,available
post-ending,drifter,1,63,123665,239665,0,2,0,0,available
post-ending,drifter,1,64,123547,239547,0,2,0,0,available
post-ending,drifter,1,65,123371,239371,0,2,0,0,available
post-ending,drifter,1,66,123602,239602,0,2,0,0,available
post-ending,drifter,1,67,123841,239841,0,2,0,0,available
post-ending,drifter,1,68,129259,245259,0,2,0,0,available
post-ending,drifter,1,69,129159,245159,0,2,0,0,available
post-ending,drifter,1,70,129009,245009,0,2,0,0,available
post-ending,socialite,1,1,100248,100248,0,0,0,0,unavailable
post-ending,socialite,1,2,99950,99950,0,0,0,0,unavailable
post-ending,socialite,1,3,99738,99738,0,0,0,0,unavailable
post-ending,socialite,1,4,99601,99601,0,0,0,0,unavailable
post-ending,socialite,1,5,98264,98264,0,0,0,0,unavailable
post-ending,socialite,1,6,96712,96712,0,0,0,0,unavailable
post-ending,socialite,1,7,96694,96694,0,0,0,0,unavailable
post-ending,socialite,1,8,96350,96350,0,0,0,0,unavailable
post-ending,socialite,1,9,88280,88280,0,0,0,0,unavailable
post-ending,socialite,1,10,87123,87123,0,0,0,0,unavailable
post-ending,socialite,1,11,87123,87123,0,0,0,0,unavailable
post-ending,socialite,1,12,87123,87123,0,0,0,0,unavailable
post-ending,socialite,1,13,86833,86833,0,0,0,0,unavailable
post-ending,socialite,1,14,86761,86761,0,0,0,0,unavailable
post-ending,socialite,1,15,86279,86279,0,0,0,0,unavailable
post-ending,socialite,1,16,85227,85227,0,0,0,0,unavailable
post-ending,socialite,1,17,85073,85073,0,0,0,0,unavailable
post-ending,socialite,1,18,84863,84863,0,0,0,0,unavailable
post-ending,socialite,1,19,84741,84741,0,0,0,0,unavailable
post-ending,socialite,1,20,84780,84780,0,0,0,0,unavailable
post-ending,socialite,1,21,84630,84630,0,0,0,0,unavailable
post-ending,socialite,1,22,83604,83604,0,0,0,0,unavailable
post-ending,socialite,1,23,83366,83366,0,0,0,0,unavailable
post-ending,socialite,1,24,83669,83669,0,0,0,0,unavailable
post-ending,socialite,1,25,83912,83912,0,0,0,0,unavailable
post-ending,socialite,1,26,83626,83626,0,0,0,0,unavailable
post-ending,socialite,1,27,83168,83168,0,0,0,0,unavailable
post-ending,socialite,1,28,83016,83016,0,0,0,0,unavailable
post-ending,socialite,1,29,183004,183004,0,0,0,0,unavailable
post-ending,socialite,1,30,182073,182073,0,0,0,0,unavailable
post-ending,socialite,1,31,181939,181939,0,0,0,0,unavailable
post-ending,socialite,1,32,181667,181667,0,0,0,0,unavailable
post-ending,socialite,1,33,181667,181667,0,0,0,0,unavailable
post-ending,socialite,1,34,181649,181649,0,0,0,0,unavailable
post-ending,socialite,1,35,180501,180501,0,0,0,0,unavailable
post-ending,socialite,1,36,180362,180362,0,0,0,0,unavailable
post-ending,socialite,1,37,178312,178312,0,0,0,0,unavailable
post-ending,socialite,1,38,178260,178260,0,0,0,0,unavailable
post-ending,socialite,1,39,177670,177670,0,0,0,0,unavailable
post-ending,socialite,1,40,177533,177533,0,0,0,0,unavailable
post-ending,socialite,1,41,177353,177353,0,0,0,0,unavailable
post-ending,socialite,1,42,177014,177014,0,0,0,0,unavailable
post-ending,socialite,1,43,176920,176920,0,0,0,0,unavailable
post-ending,socialite,1,44,173345,173345,0,0,0,0,unavailable
post-ending,socialite,1,45,173049,173049,0,0,0,0,unavailable
post-ending,socialite,1,46,172735,172735,0,0,0,0,unavailable
post-ending,socialite,1,47,172493,172493,0,0,0,0,unavailable
post-ending,socialite,1,48,171510,171510,0,0,0,0,unavailable
post-ending,socialite,1,49,170452,170452,0,0,0,0,unavailable
post-ending,socialite,1,50,170212,170212,0,0,0,0,unavailable
post-ending,socialite,1,51,169927,169927,0,0,0,0,unavailable
post-ending,socialite,1,52,169793,169793,0,0,0,0,unavailable
post-ending,socialite,1,53,169575,169575,0,0,0,0,unavailable
post-ending,socialite,1,54,169403,169403,0,0,0,0,unavailable
post-ending,socialite,1,55,169233,169233,0,0,0,0,unavailable
post-ending,socialite,1,56,76450,76450,0,0,0,0,unavailable
post-ending,socialite,1,57,176226,176226,0,0,0,0,unavailable
post-ending,socialite,1,58,176013,176013,0,0,0,0,unavailable
post-ending,socialite,1,59,175727,175727,0,0,0,0,unavailable
post-ending,socialite,1,60,175867,175867,0,0,0,0,unavailable
post-ending,socialite,1,61,175093,175093,0,0,0,0,unavailable
post-ending,socialite,1,62,174721,174721,0,0,0,0,unavailable
post-ending,socialite,1,63,174575,174575,0,0,0,0,unavailable
post-ending,socialite,1,64,174414,174414,0,0,0,0,unavailable
post-ending,socialite,1,65,172460,172460,0,0,0,0,unavailable
post-ending,socialite,1,66,172147,172147,0,0,0,0,unavailable
post-ending,socialite,1,67,171561,171561,0,0,0,0,unavailable
post-ending,socialite,1,68,171001,171001,0,0,0,0,unavailable
post-ending,socialite,1,69,170862,170862,0,0,0,0,unavailable
post-ending,socialite,1,70,169275,169275,0,0,0,0,unavailable
post-ending,foodie,1,1,99968,99968,0,0,0,0,unavailable
post-ending,foodie,1,2,95692,95692,0,0,0,0,unavailable
post-ending,foodie,1,3,95589,95589,0,0,0,0,unavailable
post-ending,foodie,1,4,95572,95572,0,0,0,0,unavailable
post-ending,foodie,1,5,95536,95536,0,0,0,0,unavailable
post-ending,foodie,1,6,95364,95364,0,0,0,0,unavailable
post-ending,foodie,1,7,95324,95324,0,0,0,0,unavailable
post-ending,foodie,1,8,95286,95286,0,0,0,0,unavailable
post-ending,foodie,1,9,91003,91003,0,0,0,0,unavailable
post-ending,foodie,1,10,90971,90971,0,0,0,0,unavailable
post-ending,foodie,1,11,90895,90895,0,0,0,0,unavailable
post-ending,foodie,1,12,90895,90895,0,0,0,0,unavailable
post-ending,foodie,1,13,90875,90875,0,0,0,0,unavailable
post-ending,foodie,1,14,90807,90807,0,0,0,0,unavailable
post-ending,foodie,1,15,91099,91099,0,0,0,0,unavailable
post-ending,foodie,1,16,91023,91023,0,0,0,0,unavailable
post-ending,foodie,1,17,89065,89065,0,0,0,0,unavailable
post-ending,foodie,1,18,88957,88957,0,0,0,0,unavailable
post-ending,foodie,1,19,88537,88537,0,0,0,0,unavailable
post-ending,foodie,1,20,48537,48537,0,0,0,0,unavailable
post-ending,foodie,1,21,48425,48425,0,0,0,0,unavailable
post-ending,foodie,1,22,48425,48425,0,0,0,0,unavailable
post-ending,foodie,1,23,47929,47929,0,0,0,0,unavailable
post-ending,foodie,1,24,43880,43880,0,0,0,0,unavailable
post-ending,foodie,1,25,43842,43842,0,0,0,0,unavailable
post-ending,foodie,1,26,43842,43842,0,0,0,0,unavailable
post-ending,foodie,1,27,43824,43824,0,0,0,0,unavailable
post-ending,foodie,1,28,43795,43795,0,0,0,0,unavailable
post-ending,foodie,1,29,57481,99981,1,0,0,0,unavailable
post-ending,foodie,1,30,57029,99529,1,0,0,0,unavailable
post-ending,foodie,1,31,57015,99515,1,0,0,0,unavailable
post-ending,foodie,1,32,56977,99477,1,0,0,0,unavailable
post-ending,foodie,1,33,56941,99441,1,0,0,0,unavailable
post-ending,foodie,1,34,56941,99441,1,0,0,0,unavailable
post-ending,foodie,1,35,56925,99425,1,0,0,0,unavailable
post-ending,foodie,1,36,56720,99220,1,0,0,0,unavailable
post-ending,foodie,1,37,54732,97232,1,0,0,0,unavailable
post-ending,foodie,1,38,54674,97174,1,0,0,0,unavailable
post-ending,foodie,1,39,54626,97126,1,0,0,0,unavailable
post-ending,foodie,1,40,54594,97094,1,0,0,0,unavailable
post-ending,foodie,1,41,54456,96956,1,0,0,0,unavailable
post-ending,foodie,1,42,54318,96818,1,0,0,0,unavailable
post-ending,foodie,1,43,54245,96745,1,0,0,0,unavailable
post-ending,foodie,1,44,53735,96235,1,0,0,0,unavailable
post-ending,foodie,1,45,53721,96221,1,0,0,0,unavailable
post-ending,foodie,1,46,53692,96192,1,0,0,0,unavailable
post-ending,foodie,1,47,53660,96160,1,0,0,0,unavailable
post-ending,foodie,1,48,53636,96136,1,0,0,0,unavailable
post-ending,foodie,1,49,53542,96042,1,0,0,0,unavailable
post-ending,foodie,1,50,53404,95904,1,0,0,0,unavailable
post-ending,foodie,1,51,51510,94010,1,0,0,0,unavailable
post-ending,foodie,1,52,51405,93905,1,0,0,0,unavailable
post-ending,foodie,1,53,50407,92907,1,0,0,0,unavailable
post-ending,foodie,1,54,50340,92840,1,0,0,0,unavailable
post-ending,foodie,1,55,50202,92702,1,0,0,0,unavailable
post-ending,foodie,1,56,49294,91794,1,0,0,0,unavailable
post-ending,foodie,1,57,149174,191674,1,0,0,0,unavailable
post-ending,foodie,1,58,149113,191613,1,0,0,0,unavailable
post-ending,foodie,1,59,149028,191528,1,0,0,0,unavailable
post-ending,foodie,1,60,148970,191470,1,0,0,0,unavailable
post-ending,foodie,1,61,148836,191336,1,0,0,0,unavailable
post-ending,foodie,1,62,148822,191322,1,0,0,0,unavailable
post-ending,foodie,1,63,148778,191278,1,0,0,0,unavailable
post-ending,foodie,1,64,148640,191140,1,0,0,0,unavailable
post-ending,foodie,1,65,148608,191108,1,0,0,0,unavailable
post-ending,foodie,1,66,148550,191050,1,0,0,0,unavailable
post-ending,foodie,1,67,148314,190814,1,0,0,0,unavailable
post-ending,foodie,1,68,146076,188576,1,0,0,0,unavailable
post-ending,foodie,1,69,146044,188544,1,0,0,0,unavailable
post-ending,foodie,1,70,145994,188494,1,0,0,0,unavailable
post-ending,dragon_keeper,1,1,99991,99991,0,0,0,0,unavailable
post-ending,dragon_keeper,1,2,99973,99973,0,0,0,0,unavailable
post-ending,dragon_keeper,1,3,99973,99973,0,0,0,0,unavailable
post-ending,dragon_keeper,1,4,95756,95756,0,0,0,0,unavailable
post-ending,dragon_keeper,1,5,95294,95294,0,0,0,0,unavailable
post-ending,dragon_keeper,1,6,95258,95258,0,0,0,0,unavailable
post-ending,dragon_keeper,1,7,95258,95258,0,0,0,0,unavailable
post-ending,dragon_keeper,1,8,95173,95173,0,0,0,0,unavailable
post-ending,dragon_keeper,1,9,95021,95021,0,0,0,0,unavailable
post-ending,dragon_keeper,1,10,94963,94963,0,0,0,0,unavailable
post-ending,dragon_keeper,1,11,94903,94903,0,0,0,0,unavailable
post-ending,dragon_keeper,1,12,94903,94903,0,0,0,0,unavailable
post-ending,dragon_keeper,1,13,95104,95104,0,0,0,0,unavailable
post-ending,dragon_keeper,1,14,94666,94666,0,0,0,0,unavailable
post-ending,dragon_keeper,1,15,94634,94634,0,0,0,0,unavailable
post-ending,dragon_keeper,1,16,94464,94464,0,0,0,0,unavailable
post-ending,dragon_keeper,1,17,94410,94410,0,0,0,0,unavailable
post-ending,dragon_keeper,1,18,94309,94309,0,0,0,0,unavailable
post-ending,dragon_keeper,1,19,94273,94273,0,0,0,0,unavailable
post-ending,dragon_keeper,1,20,94161,94161,0,0,0,0,unavailable
post-ending,dragon_keeper,1,21,94105,94105,0,0,0,0,unavailable
post-ending,dragon_keeper,1,22,94020,94020,0,0,0,0,unavailable
post-ending,dragon_keeper,1,23,93923,93923,0,0,0,0,unavailable
post-ending,dragon_keeper,1,24,93489,93489,0,0,0,0,unavailable
post-ending,dragon_keeper,1,25,93457,93457,0,0,0,0,unavailable
post-ending,dragon_keeper,1,26,93325,93325,0,0,0,0,unavailable
post-ending,dragon_keeper,1,27,92296,92296,0,0,0,0,unavailable
post-ending,dragon_keeper,1,28,92220,92220,0,0,0,0,unavailable
post-ending,dragon_keeper,1,29,102170,147170,1,0,0,0,unavailable
post-ending,dragon_keeper,1,30,99012,144012,1,0,0,0,unavailable
post-ending,dragon_keeper,1,31,98874,143874,1,0,0,0,unavailable
post-ending,dragon_keeper,1,32,98854,143854,1,0,0,0,unavailable
post-ending,dragon_keeper,1,33,98716,143716,1,0,0,0,unavailable
post-ending,dragon_keeper,1,34,98558,143558,1,0,0,0,unavailable
post-ending,dragon_keeper,1,35,98344,143344,1,0,0,0,unavailable
post-ending,dragon_keeper,1,36,96992,141992,1,0,0,0,unavailable
post-ending,dragon_keeper,1,37,96834,141834,1,0,0,0,unavailable
post-ending,dragon_keeper,1,38,94920,139920,1,0,0,0,unavailable
post-ending,dragon_keeper,1,39,94791,139791,1,0,0,0,unavailable
post-ending,dragon_keeper,1,40,94291,139291,1,0,0,0,unavailable
post-ending,dragon_keeper,1,41,94133,139133,1,0,0,0,unavailable
post-ending,dragon_keeper,1,42,93628,138628,1,0,0,0,unavailable
post-ending,dragon_keeper,1,43,93616,138616,1,0,0,0,unavailable
post-ending,dragon_keeper,1,44,89948,134948,1,0,0,0,unavailable
post-ending,dragon_keeper,1,45,89851,134851,1,0,0,0,unavailable
post-ending,dragon_keeper,1,46,86181,131181,1,0,0,0,unavailable
post-ending,dragon_keeper,1,47,86117,131117,1,0,0,0,unavailable
post-ending,dragon_keeper,1,48,86068,131068,1,0,0,0,unavailable
post-ending,dragon_keeper,1,49,86038,131038,1,0,0,0,unavailable
post-ending,dragon_keeper,1,50,86008,131008,1,0,0,0,unavailable
post-ending,dragon_keeper,1,51,85967,130967,1,0,0,0,unavailable
post-ending,dragon_keeper,1,52,85780,130780,1,0,0,0,unavailable
post-ending,dragon_keeper,1,53,85736,130736,1,0,0,0,unavailable
post-ending,dragon_keeper,1,54,85677,130677,1,0,0,0,unavailable
post-ending,dragon_keeper,1,55,85227,130227,1,0,0,0,unavailable
post-ending,dragon_keeper,1,56,85026,130026,1,0,0,0,unavailable
post-ending,dragon_keeper,1,57,99987,187487,2,0,0,0,unavailable
post-ending,dragon_keeper,1,58,96145,183645,2,0,0,0,unavailable
post-ending,dragon_keeper,1,59,96095,183595,2,0,0,0,unavailable
post-ending,dragon_keeper,1,60,95963,183463,2,0,0,0,unavailable
post-ending,dragon_keeper,1,61,95802,183302,2,0,0,0,unavailable
post-ending,dragon_keeper,1,62,95761,183261,2,0,0,0,unavailable
post-ending,dragon_keeper,1,63,95691,183191,2,0,0,0,unavailable
post-ending,dragon_keeper,1,64,95619,183119,2,0,0,0,unavailable
post-ending,dragon_keeper,1,65,95433,182933,2,0,0,0,unavailable
post-ending,dragon_keeper,1,66,95298,182798,2,0,0,0,unavailable
post-ending,dragon_keeper,1,67,95234,182734,2,0,0,0,unavailable
post-ending,dragon_keeper,1,68,95180,182680,2,0,0,0,unavailable
post-ending,dragon_keeper,1,69,95092,182592,2,0,0,0,unavailable
post-ending,dragon_keeper,1,70,94124,181624,2,0,0,0,unavailable
post-ending,combatant,1,1,39973,69973,1,0,0,0,unavailable
post-ending,combatant,1,2,38975,68975,1,0,0,0,unavailable
post-ending,combatant,1,3,38814,68814,1,0,0,0,unavailable
post-ending,combatant,1,4,38685,68685,1,0,0,0,unavailable
post-ending,combatant,1,5,38562,68562,1,0,0,0,unavailable
post-ending,combatant,1,6,38504,68504,1,0,0,0,unavailable
post-ending,combatant,1,7,38468,68468,1,0,0,0,unavailable
post-ending,combatant,1,8,44468,74468,1,0,0,0,unavailable
post-ending,combatant,1,9,44468,74468,1,0,0,1,unavailable
post-ending,combatant,1,10,47348,77348,1,0,0,1,unavailable
post-ending,combatant,1,11,43019,73019,1,0,0,1,unavailable
post-ending,combatant,1,12,43019,73019,1,0,0,1,unavailable
post-ending,combatant,1,13,43259,73259,1,0,0,1,unavailable
post-ending,combatant,1,14,43121,73121,1,0,0,1,unavailable
post-ending,combatant,1,15,43089,73089,1,0,0,1,unavailable
post-ending,combatant,1,16,43041,73041,1,0,0,1,unavailable
post-ending,combatant,1,17,42831,72831,1,0,0,1,unavailable
post-ending,combatant,1,18,42768,72768,1,0,0,1,unavailable
post-ending,combatant,1,19,18113,48113,1,0,0,1,unavailable
post-ending,combatant,1,20,18037,48037,1,0,0,1,unavailable
post-ending,combatant,1,21,18217,48217,1,0,0,1,unavailable
post-ending,combatant,1,22,16879,46879,1,0,0,1,unavailable
post-ending,combatant,1,23,17101,47101,1,0,0,1,unavailable
post-ending,combatant,1,24,16972,46972,1,0,0,1,unavailable
post-ending,combatant,1,25,16873,46873,1,0,0,1,unavailable
post-ending,combatant,1,26,12935,42935,1,0,0,1,unavailable
post-ending,combatant,1,27,13263,43263,1,0,0,1,unavailable
post-ending,combatant,1,28,13548,43548,1,0,0,1,unavailable
post-ending,combatant,1,29,53849,83849,1,0,0,1,unavailable
post-ending,combatant,1,30,53691,83691,1,0,0,1,unavailable
post-ending,combatant,1,31,53235,83235,1,0,0,1,unavailable
post-ending,combatant,1,32,53430,83430,1,0,0,1,unavailable
post-ending,combatant,1,33,53430,83430,1,0,0,1,unavailable
post-ending,combatant,1,34,53398,83398,1,0,0,1,unavailable
post-ending,combatant,1,35,48482,78482,1,0,0,1,unavailable
post-ending,combatant,1,36,48356,78356,1,0,0,1,unavailable
post-ending,combatant,1,37,48233,78233,1,0,0,1,unavailable
post-ending,combatant,1,38,48147,78147,1,0,0,1,unavailable
post-ending,combatant,1,39,48392,78392,1,0,0,1,unavailable
post-ending,combatant,1,40,45336,75336,1,0,0,1,unavailable
post-ending,combatant,1,41,44478,74478,1,0,0,1,unavailable
post-ending,combatant,1,42,44273,74273,1,0,0,1,unavailable
post-ending,combatant,1,43,44179,74179,1,0,0,1,unavailable
post-ending,combatant,1,44,44165,74165,1,0,0,1,unavailable
post-ending,combatant,1,45,44053,74053,1,0,0,1,unavailable
post-ending,combatant,1,46,43947,73947,1,0,0,1,unavailable
post-ending,combatant,1,47,44102,74102,1,0,0,1,unavailable
post-ending,combatant,1,48,44044,74044,1,0,0,1,unavailable
post-ending,combatant,1,49,43881,73881,1,0,0,1,unavailable
post-ending,combatant,1,50,44216,74216,1,0,0,1,unavailable
post-ending,combatant,1,51,44160,74160,1,0,0,1,unavailable
post-ending,combatant,1,52,44084,74084,1,0,0,1,unavailable
post-ending,combatant,1,53,44008,74008,1,0,0,1,unavailable
post-ending,combatant,1,54,43785,73785,1,0,0,1,unavailable
post-ending,combatant,1,55,43709,73709,1,0,0,1,unavailable
post-ending,combatant,1,56,43615,73615,1,0,0,1,unavailable
post-ending,combatant,1,57,68492,135992,2,0,0,1,unavailable
post-ending,combatant,1,58,67994,135494,2,0,0,1,unavailable
post-ending,combatant,1,59,67946,135446,2,0,0,1,unavailable
post-ending,combatant,1,60,67741,135241,2,0,0,1,unavailable
post-ending,combatant,1,61,67721,135221,2,0,0,1,unavailable
post-ending,combatant,1,62,67589,135089,2,0,0,1,unavailable
post-ending,combatant,1,63,66311,133811,2,0,0,1,unavailable
post-ending,combatant,1,64,66217,133717,2,0,0,1,unavailable
post-ending,combatant,1,65,66179,133679,2,0,0,1,unavailable
post-ending,combatant,1,66,66103,133603,2,0,0,1,unavailable
post-ending,combatant,1,67,65930,133430,2,0,0,1,unavailable
post-ending,combatant,1,68,65791,133291,2,0,0,1,unavailable
post-ending,combatant,1,69,65677,133177,2,0,0,1,unavailable
post-ending,combatant,1,70,65648,133148,2,0,0,1,unavailable
post-ending,romantic,1,1,99868,99868,0,0,0,0,unavailable
post-ending,romantic,1,2,99342,99342,0,0,0,0,unavailable
post-ending,romantic,1,3,98667,98667,0,0,0,0,unavailable
post-ending,romantic,1,4,97653,97653,0,0,0,0,unavailable
post-ending,romantic,1,5,97650,97650,0,0,0,0,unavailable
post-ending,romantic,1,6,97632,97632,0,0,0,0,unavailable
post-ending,romantic,1,7,97523,97523,0,0,0,0,unavailable
post-ending,romantic,1,8,95023,95023,0,0,0,0,unavailable
post-ending,romantic,1,9,94860,94860,0,0,0,0,unavailable
post-ending,romantic,1,10,94703,94703,0,0,0,0,unavailable
post-ending,romantic,1,11,94760,94760,0,0,0,0,unavailable
post-ending,romantic,1,12,100760,100760,0,0,0,0,unavailable
post-ending,romantic,1,13,80500,80500,0,0,0,0,unavailable
post-ending,romantic,1,14,80246,80246,0,0,0,0,unavailable
post-ending,romantic,1,15,80107,80107,0,0,0,0,unavailable
post-ending,romantic,1,16,79436,79436,0,0,0,0,unavailable
post-ending,romantic,1,17,79253,79253,0,0,0,0,unavailable
post-ending,romantic,1,18,77878,77878,0,0,0,0,unavailable
post-ending,romantic,1,19,76771,76771,0,0,0,0,unavailable
post-ending,romantic,1,20,76583,76583,0,0,0,0,unavailable
post-ending,romantic,1,21,76320,76320,0,0,0,0,unavailable
post-ending,romantic,1,22,76243,76243,0,0,0,0,unavailable
post-ending,romantic,1,23,76039,76039,0,0,0,0,unavailable
post-ending,romantic,1,24,75888,75888,0,0,0,0,unavailable
post-ending,romantic,1,25,75728,75728,0,0,0,0,unavailable
post-ending,romantic,1,26,75636,75636,0,0,0,0,unavailable
post-ending,romantic,1,27,73544,73544,0,0,0,0,unavailable
post-ending,romantic,1,28,73478,73478,0,0,0,0,unavailable
post-ending,romantic,1,29,63372,118372,1,0,0,0,unavailable
post-ending,romantic,1,30,63220,118220,1,0,0,0,unavailable
post-ending,romantic,1,31,62930,117930,1,0,0,0,unavailable
post-ending,romantic,1,32,62670,117670,1,0,0,0,unavailable
post-ending,romantic,1,33,62202,117202,1,0,0,0,unavailable
post-ending,romantic,1,34,62022,117022,1,0,0,0,unavailable
post-ending,romantic,1,35,62022,117022,1,0,0,0,unavailable
post-ending,romantic,1,36,61908,116908,1,0,0,0,unavailable
post-ending,romantic,1,37,61820,116820,1,0,0,0,unavailable
post-ending,romantic,1,38,59801,114801,1,0,0,0,unavailable
post-ending,romantic,1,39,59544,114544,1,0,0,0,unavailable
post-ending,romantic,1,40,59357,114357,1,0,0,0,unavailable
post-ending,romantic,1,41,59185,114185,1,0,0,0,unavailable
post-ending,romantic,1,42,58100,113100,1,0,0,0,unavailable
post-ending,romantic,1,43,57814,112814,1,0,0,0,unavailable
post-ending,romantic,1,44,53688,108688,1,0,0,0,unavailable
post-ending,romantic,1,45,53534,108534,1,0,0,0,unavailable
post-ending,romantic,1,46,52953,107953,1,0,0,0,unavailable
post-ending,romantic,1,47,52849,107849,1,0,0,0,unavailable
post-ending,romantic,1,48,52550,107550,1,0,0,0,unavailable
post-ending,romantic,1,49,52252,107252,1,0,0,0,unavailable
post-ending,romantic,1,50,51783,106783,1,0,0,0,unavailable
post-ending,romantic,1,51,51507,106507,1,0,0,0,unavailable
post-ending,romantic,1,52,51282,106282,1,0,0,0,unavailable
post-ending,romantic,1,53,51139,106139,1,0,0,0,unavailable
post-ending,romantic,1,54,49963,104963,1,0,0,0,unavailable
post-ending,romantic,1,55,49795,104795,1,0,0,0,unavailable
post-ending,romantic,1,56,46138,101138,1,0,0,0,unavailable
post-ending,romantic,1,57,60922,158422,2,0,0,0,unavailable
post-ending,romantic,1,58,60451,157951,2,0,0,0,unavailable
post-ending,romantic,1,59,60223,157723,2,0,0,0,unavailable
post-ending,romantic,1,60,59998,157498,2,0,0,0,unavailable
post-ending,romantic,1,61,59766,157266,2,0,0,0,unavailable
post-ending,romantic,1,62,59546,157046,2,0,0,0,unavailable
post-ending,romantic,1,63,59318,156818,2,0,0,0,unavailable
post-ending,romantic,1,64,59170,156670,2,0,0,0,unavailable
post-ending,romantic,1,65,59011,156511,2,0,0,0,unavailable
post-ending,romantic,1,66,58712,156212,2,0,0,0,unavailable
post-ending,romantic,1,67,54790,152290,2,0,0,0,unavailable
post-ending,romantic,1,68,50988,148488,2,0,0,0,unavailable
post-ending,romantic,1,69,50894,148394,2,0,0,0,unavailable
post-ending,romantic,1,70,50733,148233,2,0,0,0,unavailable
post-ending,explorer,1,1,21982,99982,0,1,0,0,unavailable
post-ending,explorer,1,2,17986,95986,0,1,0,0,unavailable
post-ending,explorer,1,3,17416,95416,0,1,0,0,unavailable
post-ending,explorer,1,4,17622,95622,0,1,0,0,unavailable
post-ending,explorer,1,5,17619,95619,0,1,0,0,unavailable
post-ending,explorer,1,6,17629,95629,0,1,0,0,unavailable
post-ending,explorer,1,7,16425,94425,0,1,0,0,unavailable
post-ending,explorer,1,8,20449,98449,0,1,0,0,unavailable
post-ending,explorer,1,9,20263,98263,0,1,0,1,unavailable
post-ending,explorer,1,10,23145,101145,0,1,0,1,unavailable
post-ending,explorer,1,11,23322,101322,0,1,0,1,unavailable
post-ending,explorer,1,12,26322,104322,0,1,0,3,unavailable
post-ending,explorer,1,13,26460,104460,0,1,0,3,unavailable
post-ending,explorer,1,14,29773,107773,0,1,0,4,unavailable
post-ending,explorer,1,15,28239,106239,0,1,0,4,unavailable
post-ending,explorer,1,16,28307,106307,0,1,0,4,available
post-ending,explorer,1,17,28072,106072,0,0,0,5,available
post-ending,explorer,1,18,28191,106191,0,0,0,5,available
post-ending,explorer,1,19,29737,107737,0,0,0,5,available
post-ending,explorer,1,20,25703,103703,0,0,0,5,available
post-ending,explorer,1,21,25151,103151,0,0,0,5,available
post-ending,explorer,1,22,25323,103323,0,0,0,5,available
post-ending,explorer,1,23,24652,102652,0,0,0,5,available
post-ending,explorer,1,24,31602,109602,0,0,0,5,available
post-ending,explorer,1,25,51239,129239,0,0,0,5,available
post-ending,explorer,1,26,51474,129474,0,0,0,5,available
post-ending,explorer,1,27,32067,110067,0,0,0,5,available
post-ending,explorer,1,28,31081,109081,0,0,0,5,available
post-ending,explorer,1,29,91203,189203,1,0,0,5,available
post-ending,explorer,1,30,90998,188998,1,0,0,5,available
post-ending,explorer,1,31,90998,188998,1,0,0,5,available
post-ending,explorer,1,32,30864,166364,2,0,0,5,available
post-ending,explorer,1,33,39840,175340,2,0,0,5,available
post-ending,explorer,1,34,39779,175279,2,0,0,5,available
post-ending,explorer,1,35,39716,175216,2,0,0,5,available
post-ending,explorer,1,36,39919,175419,2,0,0,5,available
post-ending,explorer,1,37,40180,175680,2,0,0,5,available
post-ending,explorer,1,38,40005,175505,2,0,0,5,available
post-ending,explorer,1,39,54952,190452,2,0,0,5,available
post-ending,explorer,1,40,54374,189874,2,0,0,5,available
post-ending,explorer,1,41,54583,190083,2,0,0,5,available
post-ending,explorer,1,42,54435,189935,2,0,0,5,available
post-ending,explorer,1,43,54668,190168,2,0,0,5,available
post-ending,explorer,1,44,54504,190004,2,0,0,5,available
post-ending,explorer,1,45,54334,189834,2,0,0,5,available
post-ending,explorer,1,46,68994,204494,2,0,0,5,available
post-ending,explorer,1,47,68863,204363,2,0,0,5,available
post-ending,explorer,1,48,68648,204148,2,0,0,5,available
post-ending,explorer,1,49,70611,206111,2,0,0,5,available
post-ending,explorer,1,50,70355,205855,2,0,0,5,available
post-ending,explorer,1,51,70191,205691,2,0,0,5,available
post-ending,explorer,1,52,71362,206862,2,0,0,5,available
post-ending,explorer,1,53,86250,221750,2,0,0,5,available
post-ending,explorer,1,54,84587,220087,2,0,0,5,available
post-ending,explorer,1,55,91134,226634,2,0,0,5,available
post-ending,explorer,1,56,91385,226885,2,0,0,5,available
post-ending,explorer,1,57,106753,287253,3,0,0,5,available
post-ending,explorer,1,58,106489,286989,3,0,0,5,available
post-ending,explorer,1,59,113260,293760,3,0,0,5,available
post-ending,explorer,1,60,128126,308626,3,0,0,5,available
post-ending,explorer,1,61,126507,307007,3,0,0,5,available
post-ending,explorer,1,62,133337,313837,3,0,0,5,available
post-ending,explorer,1,63,133158,313658,3,0,0,5,available
post-ending,explorer,1,64,138781,319281,3,0,0,5,available
post-ending,explorer,1,65,146370,326870,3,0,0,5,available
post-ending,explorer,1,66,155936,336436,3,0,0,5,available
post-ending,explorer,1,67,170734,351234,3,0,0,5,available
post-ending,explorer,1,68,26477,206977,3,0,0,5,available
post-ending,explorer,1,69,26290,206790,3,0,0,5,available
post-ending,explorer,1,70,32894,213394,3,0,0,5,available
post-ending,hoarder,1,1,100000,100000,0,0,0,0,unavailable
post-ending,hoarder,1,2,99962,99962,0,0,0,0,unavailable
post-ending,hoarder,1,3,99959,99959,0,0,0,0,unavailable
post-ending,hoarder,1,4,99950,99950,0,0,0,0,unavailable
post-ending,hoarder,1,5,99950,99950,0,0,0,0,unavailable
post-ending,hoarder,1,6,99950,99950,0,0,0,0,unavailable
post-ending,hoarder,1,7,99950,99950,0,0,0,0,unavailable
post-ending,hoarder,1,8,99950,99950,0,0,0,0,unavailable
post-ending,hoarder,1,9,99950,99950,0,0,0,0,unavailable
post-ending,hoarder,1,10,105950,105950,0,0,0,0,unavailable
post-ending,hoarder,1,11,81750,81750,0,0,0,0,unavailable
post-ending,hoarder,1,12,81750,81750,0,0,0,0,unavailable
post-ending,hoarder,1,13,81750,81750,0,0,0,0,unavailable
post-ending,hoarder,1,14,82110,82110,0,0,0,0,unavailable
post-ending,hoarder,1,15,82110,82110,0,0,0,0,unavailable
post-ending,hoarder,1,16,82025,82025,0,0,0,0,unavailable
post-ending,hoarder,1,17,82025,82025,0,0,0,0,unavailable
post-ending,hoarder,1,18,81987,81987,0,0,0,0,unavailable
post-ending,hoarder,1,19,81987,81987,0,0,0,0,unavailable
post-ending,hoarder,1,20,81973,81973,0,0,0,0,unavailable
post-ending,hoarder,1,21,81964,81964,0,0,0,0,unavailable
post-ending,hoarder,1,22,81926,81926,0,0,0,0,unavailable
post-ending,hoarder,1,23,81926,81926,0,0,0,0,unavailable
post-ending,hoarder,1,24,81917,81917,0,0,0,0,unavailable
post-ending,hoarder,1,25,81832,81832,0,0,0,0,unavailable
post-ending,hoarder,1,26,81832,81832,0,0,0,0,unavailable
post-ending,hoarder,1,27,81794,81794,0,0,0,0,unavailable
post-ending,hoarder,1,28,81794,81794,0,0,0,0,unavailable
post-ending,hoarder,1,29,181794,181794,0,0,0,0,unavailable
post-ending,hoarder,1,30,181780,181780,0,0,0,0,unavailable
post-ending,hoarder,1,31,181766,181766,0,0,0,0,unavailable
post-ending,hoarder,1,32,181766,181766,0,0,0,0,unavailable
post-ending,hoarder,1,33,181766,181766,0,0,0,0,unavailable
post-ending,hoarder,1,34,181728,181728,0,0,0,0,unavailable
post-ending,hoarder,1,35,181728,181728,0,0,0,0,unavailable
post-ending,hoarder,1,36,181643,181643,0,0,0,0,unavailable
post-ending,hoarder,1,37,181634,181634,0,0,0,0,unavailable
post-ending,hoarder,1,38,181634,181634,0,0,0,0,unavailable
post-ending,hoarder,1,39,181620,181620,0,0,0,0,unavailable
post-ending,hoarder,1,40,181606,181606,0,0,0,0,unavailable
post-ending,hoarder,1,41,181568,181568,0,0,0,0,unavailable
post-ending,hoarder,1,42,181568,181568,0,0,0,0,unavailable
post-ending,hoarder,1,43,181559,181559,0,0,0,0,unavailable
post-ending,hoarder,1,44,181559,181559,0,0,0,0,unavailable
post-ending,hoarder,1,45,181483,181483,0,0,0,0,unavailable
post-ending,hoarder,1,46,181469,181469,0,0,0,0,unavailable
post-ending,hoarder,1,47,181469,181469,0,0,0,0,unavailable
post-ending,hoarder,1,48,181469,181469,0,0,0,0,unavailable
post-ending,hoarder,1,49,181469,181469,0,0,0,0,unavailable
post-ending,hoarder,1,50,181460,181460,0,0,0,0,unavailable
post-ending,hoarder,1,51,181375,181375,0,0,0,0,unavailable
post-ending,hoarder,1,52,181337,181337,0,0,0,0,unavailable
post-ending,hoarder,1,53,181323,181323,0,0,0,0,unavailable
post-ending,hoarder,1,54,181309,181309,0,0,0,0,unavailable
post-ending,hoarder,1,55,181300,181300,0,0,0,0,unavailable
post-ending,hoarder,1,56,181300,181300,0,0,0,0,unavailable
post-ending,hoarder,1,57,281262,281262,0,0,0,0,unavailable
post-ending,hoarder,1,58,281224,281224,0,0,0,0,unavailable
post-ending,hoarder,1,59,281224,281224,0,0,0,0,unavailable
post-ending,hoarder,1,60,281215,281215,0,0,0,0,unavailable
post-ending,hoarder,1,61,281139,281139,0,0,0,0,unavailable
post-ending,hoarder,1,62,281139,281139,0,0,0,0,unavailable
post-ending,hoarder,1,63,281139,281139,0,0,0,0,unavailable
post-ending,hoarder,1,64,281125,281125,0,0,0,0,unavailable
post-ending,hoarder,1,65,281116,281116,0,0,0,0,unavailable
post-ending,hoarder,1,66,281116,281116,0,0,0,0,unavailable
post-ending,hoarder,1,67,281031,281031,0,0,0,0,unavailable
post-ending,hoarder,1,68,281017,281017,0,0,0,0,unavailable
post-ending,hoarder,1,69,281003,281003,0,0,0,0,unavailable
post-ending,hoarder,1,70,280994,280994,0,0,0,0,unavailable
