label,persona,day,lives,money_n,money_median,money_min,money_max,netWorth_n,netWorth_median,netWorth_min,netWorth_max
post-ending,homebody,1,1,1,99906,99906,99906,1,99906,99906,99906
post-ending,homebody,2,1,1,99828,99828,99828,1,99828,99828,99828
post-ending,homebody,3,1,1,99623,99623,99623,1,99623,99623,99623
post-ending,homebody,4,1,1,99591,99591,99591,1,99591,99591,99591
post-ending,homebody,5,1,1,99528,99528,99528,1,99528,99528,99528
post-ending,homebody,6,1,1,99472,99472,99472,1,99472,99472,99472
post-ending,homebody,7,1,1,99454,99454,99454,1,99454,99454,99454
post-ending,homebody,8,1,1,99454,99454,99454,1,99454,99454,99454
post-ending,homebody,9,1,1,95178,95178,95178,1,95178,95178,95178
post-ending,homebody,10,1,1,95102,95102,95102,1,95102,95102,95102
post-ending,homebody,11,1,1,95342,95342,95342,1,95342,95342,95342
post-ending,homebody,12,1,1,95310,95310,95310,1,95310,95310,95310
post-ending,homebody,13,1,1,95190,95190,95190,1,95190,95190,95190
post-ending,homebody,14,1,1,95096,95096,95096,1,95096,95096,95096
post-ending,homebody,15,1,1,95096,95096,95096,1,95096,95096,95096
post-ending,homebody,16,1,1,95008,95008,95008,1,95008,95008,95008
post-ending,homebody,17,1,1,94879,94879,94879,1,94879,94879,94879
post-ending,homebody,18,1,1,95163,95163,95163,1,95163,95163,95163
post-ending,homebody,19,1,1,95103,95103,95103,1,95103,95103,95103
post-ending,homebody,20,1,1,94947,94947,94947,1,94947,94947,94947
post-ending,homebody,21,1,1,94907,94907,94907,1,94907,94907,94907
post-ending,homebody,22,1,1,94907,94907,94907,1,94907,94907,94907
post-ending,homebody,23,1,1,94822,94822,94822,1,94822,94822,94822
post-ending,homebody,24,1,1,94764,94764,94764,1,94764,94764,94764
post-ending,homebody,25,1,1,94750,94750,94750,1,94750,94750,94750
post-ending,homebody,26,1,1,94709,94709,94709,1,94709,94709,94709
post-ending,homebody,27,1,1,94709,94709,94709,1,94709,94709,94709
post-ending,homebody,28,1,1,94510,94510,94510,1,94510,94510,94510
post-ending,homebody,29,1,1,109381,109381,109381,1,151881,151881,151881
post-ending,homebody,30,1,1,109305,109305,109305,1,151805,151805,151805
post-ending,homebody,31,1,1,109243,109243,109243,1,151743,151743,151743
post-ending,homebody,32,1,1,109223,109223,109223,1,151723,151723,151723
post-ending,homebody,33,1,1,109209,109209,109209,1,151709,151709,151709
post-ending,homebody,34,1,1,109209,109209,109209,1,151709,151709,151709
post-ending,homebody,35,1,1,109124,109124,109124,1,151624,151624,151624
post-ending,homebody,36,1,1,109104,109104,109104,1,151604,151604,151604
post-ending,homebody,37,1,1,108998,108998,108998,1,151498,151498,151498
post-ending,homebody,38,1,1,108890,108890,108890,1,151390,151390,151390
post-ending,homebody,39,1,1,108802,108802,108802,1,151302,151302,151302
post-ending,homebody,40,1,1,108352,108352,108352,1,150852,150852,150852
post-ending,homebody,41,1,1,108241,108241,108241,1,150741,150741,150741
post-ending,homebody,42,1,1,108167,108167,108167,1,150667,150667,150667
post-ending,homebody,43,1,1,108049,108049,108049,1,150549,150549,150549
post-ending,homebody,44,1,1,108003,108003,108003,1,150503,150503,150503
post-ending,homebody,45,1,1,107941,107941,107941,1,150441,150441,150441
post-ending,homebody,46,1,1,107915,107915,107915,1,150415,150415,150415
post-ending,homebody,47,1,1,107745,107745,107745,1,150245,150245,150245
post-ending,homebody,48,1,1,107639,107639,107639,1,150139,150139,150139
post-ending,homebody,49,1,1,107580,107580,107580,1,150080,150080,150080
post-ending,homebody,50,1,1,107432,107432,107432,1,149932,149932,149932
post-ending,homebody,51,1,1,107315,107315,107315,1,149815,149815,149815
post-ending,homebody,52,1,1,107254,107254,107254,1,149754,149754,149754
post-ending,homebody,53,1,1,107190,107190,107190,1,149690,149690,149690
post-ending,homebody,54,1,1,107126,107126,107126,1,149626,149626,149626
post-ending,homebody,55,1,1,107000,107000,107000,1,149500,149500,149500
post-ending,homebody,56,1,1,106974,106974,106974,1,149474,149474,149474
post-ending,homebody,57,1,1,96920,96920,96920,1,194420,194420,194420
post-ending,homebody,58,1,1,96350,96350,96350,1,193850,193850,193850
post-ending,homebody,59,1,1,96218,96218,96218,1,193718,193718,193718
post-ending,homebody,60,1,1,96170,96170,96170,1,193670,193670,193670
post-ending,homebody,61,1,1,95700,95700,95700,1,193200,193200,193200
post-ending,homebody,62,1,1,95674,95674,95674,1,193174,193174,193174
post-ending,homebody,63,1,1,95630,95630,95630,1,193130,193130,193130
post-ending,homebody,64,1,1,95480,95480,95480,1,192980,192980,192980
post-ending,homebody,65,1,1,91034,91034,91034,1,188534,188534,188534
post-ending,homebody,66,1,1,90849,90849,90849,1,188349,188349,188349
post-ending,homebody,67,1,1,90747,90747,90747,1,188247,188247,188247
post-ending,homebody,68,1,1,90700,90700,90700,1,188200,188200,188200
post-ending,homebody,69,1,1,90668,90668,90668,1,188168,188168,188168
post-ending,homebody,70,1,1,90542,90542,90542,1,188042,188042,188042
post-ending,party,1,1,1,59871,59871,59871,1,59871,59871,59871
post-ending,party,2,1,1,52015,52015,52015,1,52015,52015,52015
post-ending,party,3,1,1,52193,52193,52193,1,52193,52193,52193
post-ending,party,4,1,1,52156,52156,52156,1,52156,52156,52156
post-ending,party,5,1,1,52063,52063,52063,1,52063,52063,52063
post-ending,party,6,1,1,51891,51891,51891,1,51891,51891,51891
post-ending,party,7,1,1,52143,52143,52143,1,52143,52143,52143
post-ending,party,8,1,1,51947,51947,51947,1,51947,51947,51947
post-ending,party,9,1,1,47709,47709,47709,1,47709,47709,47709
post-ending,party,10,1,1,53553,53553,53553,1,53553,53553,53553
post-ending,party,11,1,1,53331,53331,53331,1,53331,53331,53331
post-ending,party,12,1,1,56331,56331,56331,1,56331,56331,56331
post-ending,party,13,1,1,56295,56295,56295,1,56295,56295,56295
post-ending,party,14,1,1,56169,56169,56169,1,56169,56169,56169
post-ending,party,15,1,1,56135,56135,56135,1,56135,56135,56135
post-ending,party,16,1,1,55886,55886,55886,1,55886,55886,55886
post-ending,party,17,1,1,55553,55553,55553,1,55553,55553,55553
post-ending,party,18,1,1,55431,55431,55431,1,55431,55431,55431
post-ending,party,19,1,1,55397,55397,55397,1,55397,55397,55397
post-ending,party,20,1,1,55311,55311,55311,1,55311,55311,55311
post-ending,party,21,1,1,52311,52311,52311,1,52311,52311,52311
post-ending,party,22,1,1,52273,52273,52273,1,52273,52273,52273
post-ending,party,23,1,1,52101,52101,52101,1,52101,52101,52101
post-ending,party,24,1,1,51920,51920,51920,1,51920,51920,51920
post-ending,party,25,1,1,51850,51850,51850,1,51850,51850,51850
post-ending,party,26,1,1,51710,51710,51710,1,51710,51710,51710
post-ending,party,27,1,1,51674,51674,51674,1,51674,51674,51674
post-ending,party,28,1,1,51642,51642,51642,1,51642,51642,51642
post-ending,party,29,1,1,148945,148945,148945,1,148945,148945,148945
post-ending,party,30,1,1,147026,147026,147026,1,147026,147026,147026
post-ending,party,31,1,1,147026,147026,147026,1,147026,147026,147026
post-ending,party,32,1,1,146954,146954,146954,1,146954,146954,146954
post-ending,party,33,1,1,146740,146740,146740,1,146740,146740,146740
post-ending,party,34,1,1,145764,145764,145764,1,145764,145764,145764
post-ending,party,35,1,1,144370,144370,144370,1,144370,144370,144370
post-ending,party,36,1,1,144313,144313,144313,1,144313,144313,144313
post-ending,party,37,1,1,144103,144103,144103,1,144103,144103,144103
post-ending,party,38,1,1,142204,142204,142204,1,142204,142204,142204
post-ending,party,39,1,1,140251,140251,140251,1,140251,140251,140251
post-ending,party,40,1,1,140025,140025,140025,1,140025,140025,140025
post-ending,party,41,1,1,139095,139095,139095,1,139095,139095,139095
post-ending,party,42,1,1,138597,138597,138597,1,138597,138597,138597
post-ending,party,43,1,1,138407,138407,138407,1,138407,138407,138407
post-ending,party,44,1,1,138334,138334,138334,1,138334,138334,138334
post-ending,party,45,1,1,138231,138231,138231,1,138231,138231,138231
post-ending,party,46,1,1,138051,138051,138051,1,138051,138051,138051
post-ending,party,47,1,1,137895,137895,137895,1,137895,137895,137895
post-ending,party,48,1,1,137732,137732,137732,1,137732,137732,137732
post-ending,party,49,1,1,137570,137570,137570,1,137570,137570,137570
post-ending,party,50,1,1,137442,137442,137442,1,137442,137442,137442
post-ending,party,51,1,1,137285,137285,137285,1,137285,137285,137285
post-ending,party,52,1,1,137116,137116,137116,1,137116,137116,137116
post-ending,party,53,1,1,136500,136500,136500,1,136500,136500,136500
post-ending,party,54,1,1,136352,136352,136352,1,136352,136352,136352
post-ending,party,55,1,1,136203,136203,136203,1,136203,136203,136203
post-ending,party,56,1,1,135241,135241,135241,1,135241,135241,135241
post-ending,party,57,1,1,235422,235422,235422,1,235422,235422,235422
post-ending,party,58,1,1,233552,233552,233552,1,233552,233552,233552
post-ending,party,59,1,1,233409,233409,233409,1,233409,233409,233409
post-ending,party,60,1,1,233205,233205,233205,1,233205,233205,233205
post-ending,party,61,1,1,229428,229428,229428,1,229428,229428,229428
post-ending,party,62,1,1,229374,229374,229374,1,229374,229374,229374
post-ending,party,63,1,1,228936,228936,228936,1,228936,228936,228936
post-ending,party,64,1,1,228766,228766,228766,1,228766,228766,228766
post-ending,party,65,1,1,228637,228637,228637,1,228637,228637,228637
post-ending,party,66,1,1,227473,227473,227473,1,227473,227473,227473
post-ending,party,67,1,1,227336,227336,227336,1,227336,227336,227336
post-ending,party,68,1,1,227252,227252,227252,1,227252,227252,227252
post-ending,party,69,1,1,226378,226378,226378,1,226378,226378,226378
post-ending,party,70,1,1,225169,225169,225169,1,225169,225169,225169
post-ending,landlord,1,1,1,21973,21973,21973,1,99973,99973,99973
post-ending,landlord,2,1,1,21895,21895,21895,1,99895,99895,99895
post-ending,landlord,3,1,1,21734,21734,21734,1,99734,99734,99734
post-ending,landlord,4,1,1,21605,21605,21605,1,99605,99605,99605
post-ending,landlord,5,1,1,21392,21392,21392,1,99392,99392,99392
post-ending,landlord,6,1,1,21249,21249,21249,1,99249,99249,99249
post-ending,landlord,7,1,1,21164,21164,21164,1,99164,99164,99164
post-ending,landlord,8,1,1,27161,27161,27161,1,105161,105161,105161
post-ending,landlord,9,1,1,27143,27143,27143,1,105143,105143,105143
post-ending,landlord,10,1,1,29982,29982,29982,1,107982,107982,107982
post-ending,landlord,11,1,1,29868,29868,29868,1,107868,107868,107868
post-ending,landlord,12,1,1,33208,33208,33208,1,111208,111208,111208
post-ending,landlord,13,1,1,33109,33109,33109,1,111109,111109,111109
post-ending,landlord,14,1,1,33071,33071,33071,1,111071,111071,111071
post-ending,landlord,15,1,1,28833,28833,28833,1,106833,106833,106833
post-ending,landlord,16,1,1,36074,36074,36074,1,114074,114074,114074
post-ending,landlord,17,1,1,36026,36026,36026,1,114026,114026,114026
post-ending,landlord,18,1,1,36026,36026,36026,1,114026,114026,114026
post-ending,landlord,19,1,1,37306,37306,37306,1,115306,115306,115306
post-ending,landlord,20,1,1,37221,37221,37221,1,115221,115221,115221
post-ending,landlord,21,1,1,37137,37137,37137,1,115137,115137,115137
post-ending,landlord,22,1,1,46188,46188,46188,1,124188,124188,124188
post-ending,landlord,23,1,1,46436,46436,46436,1,124436,124436,124436
post-ending,landlord,24,1,1,46342,46342,46342,1,124342,124342,124342
post-ending,landlord,25,1,1,37280,37280,37280,1,149280,149280,149280
post-ending,landlord,26,1,1,47204,47204,47204,1,159204,159204,159204
post-ending,landlord,27,1,1,46968,46968,46968,1,158968,158968,158968
post-ending,landlord,28,1,1,46944,46944,46944,1,158944,158944,158944
post-ending,landlord,29,1,1,155452,155452,155452,1,267452,267452,267452
post-ending,landlord,30,1,1,156786,156786,156786,1,268786,268786,268786
post-ending,landlord,31,1,1,160716,160716,160716,1,272716,272716,272716
post-ending,landlord,32,1,1,25702,25702,25702,1,212702,212702,212702
post-ending,landlord,33,1,1,25469,25469,25469,1,212469,212469,212469
post-ending,landlord,34,1,1,25381,25381,25381,1,212381,212381,212381
post-ending,landlord,35,1,1,25191,25191,25191,1,212191,212191,212191
post-ending,landlord,36,1,1,24686,24686,24686,1,211686,211686,211686
post-ending,landlord,37,1,1,26086,26086,26086,1,213086,213086,213086
post-ending,landlord,38,1,1,22001,22001,22001,1,209001,209001,209001
post-ending,landlord,39,1,1,38213,38213,38213,1,225213,225213,225213
post-ending,landlord,40,1,1,38062,38062,38062,1,225062,225062,225062
post-ending,landlord,41,1,1,38010,38010,38010,1,225010,225010,225010
post-ending,landlord,42,1,1,37805,37805,37805,1,224805,224805,224805
post-ending,landlord,43,1,1,37769,37769,37769,1,224769,224769,224769
post-ending,landlord,44,1,1,39113,39113,39113,1,226113,226113,226113
post-ending,landlord,45,1,1,38934,38934,38934,1,225934,225934,225934
post-ending,landlord,46,1,1,50074,50074,50074,1,237074,237074,237074
post-ending,landlord,47,1,1,49951,49951,49951,1,236951,236951,236951
post-ending,landlord,48,1,1,49819,49819,49819,1,236819,236819,236819
post-ending,landlord,49,1,1,50088,50088,50088,1,237088,237088,237088
post-ending,landlord,50,1,1,56312,56312,56312,1,243312,243312,243312
post-ending,landlord,51,1,1,56460,56460,56460,1,243460,243460,243460
post-ending,landlord,52,1,1,56366,56366,56366,1,243366,243366,243366
post-ending,landlord,53,1,1,71254,71254,71254,1,258254,258254,258254
post-ending,landlord,54,1,1,71130,71130,71130,1,258130,258130,258130
post-ending,landlord,55,1,1,71313,71313,71313,1,258313,258313,258313
post-ending,landlord,56,1,1,71232,71232,71232,1,258232,258232,258232
post-ending,landlord,57,1,1,171001,171001,171001,1,358001,358001,358001
post-ending,landlord,58,1,1,173838,173838,173838,1,360838,360838,360838
post-ending,landlord,59,1,1,173792,173792,173792,1,360792,360792,360792
post-ending,landlord,60,1,1,187416,187416,187416,1,374416,374416,374416
post-ending,landlord,61,1,1,187278,187278,187278,1,374278,374278,374278
post-ending,landlord,62,1,1,187113,187113,187113,1,374113,374113,374113
post-ending,landlord,63,1,1,193392,193392,193392,1,380392,380392,380392
post-ending,landlord,64,1,1,200206,200206,200206,1,387206,387206,387206
post-ending,landlord,65,1,1,199758,199758,199758,1,386758,386758,386758
post-ending,landlord,66,1,1,209131,209131,209131,1,396131,396131,396131
post-ending,landlord,67,1,1,224081,224081,224081,1,411081,411081,411081
post-ending,landlord,68,1,1,223936,223936,223936,1,410936,410936,410936
post-ending,landlord,69,1,1,223922,223922,223922,1,410922,410922,410922
post-ending,landlord,70,1,1,232122,232122,232122,1,419122,419122,419122
post-ending,weirdo,1,1,1,20671,20671,20671,1,58171,58171,58171
post-ending,weirdo,2,1,1,20541,20541,20541,1,58041,58041,58041
post-ending,weirdo,3,1,1,20318,20318,20318,1,57818,57818,57818
post-ending,weirdo,4,1,1,20225,20225,20225,1,57725,57725,57725
post-ending,weirdo,5,1,1,18409,18409,18409,1,55909,55909,55909
post-ending,weirdo,6,1,1,18175,18175,18175,1,55675,55675,55675
post-ending,weirdo,7,1,1,17917,17917,17917,1,55417,55417,55417
post-ending,weirdo,8,1,1,23783,23783,23783,1,61283,61283,61283
post-ending,weirdo,9,1,1,3569,3569,3569,1,41069,41069,41069
post-ending,weirdo,10,1,1,3422,3422,3422,1,40922,40922,40922
post-ending,weirdo,11,1,1,3274,3274,3274,1,40774,40774,40774
post-ending,weirdo,12,1,1,3274,3274,3274,1,40774,40774,40774
post-ending,weirdo,13,1,1,3095,3095,3095,1,40595,40595,40595
post-ending,weirdo,14,1,1,3037,3037,3037,1,40537,40537,40537
post-ending,weirdo,15,1,1,2917,2917,2917,1,40417,40417,40417
post-ending,weirdo,16,1,1,1999,1999,1999,1,39499,39499,39499
post-ending,weirdo,17,1,1,1927,1927,1927,1,39427,39427,39427
post-ending,weirdo,18,1,1,2209,2209,2209,1,39709,39709,39709
post-ending,weirdo,19,1,1,1951,1951,1951,1,39451,39451,39451
post-ending,weirdo,20,1,1,2166,2166,2166,1,39666,39666,39666
post-ending,weirdo,21,1,1,2152,2152,2152,1,39652,39652,39652
post-ending,weirdo,22,1,1,2025,2025,2025,1,39525,39525,39525
post-ending,weirdo,23,1,1,1829,1829,1829,1,39329,39329,39329
post-ending,weirdo,24,1,1,1769,1769,1769,1,39269,39269,39269
post-ending,weirdo,25,1,1,380,380,380,1,37880,37880,37880
post-ending,weirdo,26,1,1,288,288,288,1,37788,37788,37788
post-ending,weirdo,27,1,1,154,154,154,1,37654,37654,37654
post-ending,weirdo,28,1,1,2,2,2,1,37502,37502,37502
post-ending,weirdo,29,1,1,14882,14882,14882,1,52382,52382,52382
post-ending,weirdo,30,1,1,11464,11464,11464,1,48964,48964,48964
post-ending,weirdo,31,1,1,11464,11464,11464,1,48964,48964,48964
post-ending,weirdo,32,1,1,11432,11432,11432,1,48932,48932,48932
post-ending,weirdo,33,1,1,11338,11338,11338,1,48838,48838,48838
post-ending,weirdo,34,1,1,11263,11263,11263,1,48763,48763,48763
post-ending,weirdo,35,1,1,11249,11249,11249,1,48749,48749,48749
post-ending,weirdo,36,1,1,11044,11044,11044,1,48544,48544,48544
post-ending,weirdo,37,1,1,10962,10962,10962,1,48462,48462,48462
post-ending,weirdo,38,1,1,10752,10752,10752,1,48252,48252,48252
post-ending,weirdo,39,1,1,10323,10323,10323,1,47823,47823,47823
post-ending,weirdo,40,1,1,10246,10246,10246,1,47746,47746,47746
post-ending,weirdo,41,1,1,10205,10205,10205,1,47705,47705,47705
post-ending,weirdo,42,1,1,9511,9511,9511,1,47011,47011,47011
post-ending,weirdo,43,1,1,9435,9435,9435,1,46935,46935,46935
post-ending,weirdo,44,1,1,9362,9362,9362,1,46862,46862,46862
post-ending,weirdo,45,1,1,9215,9215,9215,1,46715,46715,46715
post-ending,weirdo,46,1,1,9185,9185,9185,1,46685,46685,46685
post-ending,weirdo,47,1,1,7756,7756,7756,1,45256,45256,45256
post-ending,weirdo,48,1,1,7604,7604,7604,1,45104,45104,45104
post-ending,weirdo,49,1,1,7457,7457,7457,1,44957,44957,44957
post-ending,weirdo,50,1,1,7247,7247,7247,1,44747,44747,44747
post-ending,weirdo,51,1,1,6181,6181,6181,1,43681,43681,43681
post-ending,weirdo,52,1,1,2161,2161,2161,1,39661,39661,39661
post-ending,weirdo,53,1,1,2103,2103,2103,1,39603,39603,39603
post-ending,weirdo,54,1,1,2066,2066,2066,1,39566,39566,39566
post-ending,weirdo,55,1,1,1974,1974,1974,1,39474,39474,39474
post-ending,weirdo,56,1,1,1898,1898,1898,1,39398,39398,39398
post-ending,weirdo,57,1,1,101739,101739,101739,1,139239,139239,139239
post-ending,weirdo,58,1,1,99602,99602,99602,1,137102,137102,137102
post-ending,weirdo,59,1,1,99312,99312,99312,1,136812,136812,136812
post-ending,weirdo,60,1,1,99142,99142,99142,1,136642,136642,136642
post-ending,weirdo,61,1,1,99012,99012,99012,1,136512,136512,136512
post-ending,weirdo,62,1,1,98906,98906,98906,1,136406,136406,136406
post-ending,weirdo,63,1,1,98791,98791,98791,1,136291,136291,136291
post-ending,weirdo,64,1,1,94736,94736,94736,1,132236,132236,132236
post-ending,weirdo,65,1,1,94559,94559,94559,1,132059,132059,132059
post-ending,weirdo,66,1,1,94466,94466,94466,1,131966,131966,131966
post-ending,weirdo,67,1,1,94287,94287,94287,1,131787,131787,131787
post-ending,weirdo,68,1,1,94261,94261,94261,1,131761,131761,131761
post-ending,weirdo,69,1,1,90006,90006,90006,1,127506,127506,127506
post-ending,weirdo,70,1,1,89812,89812,89812,1,127312,127312,127312
post-ending,trap_committed,1,1,1,21906,21906,21906,1,99906,99906,99906
post-ending,trap_committed,2,1,1,20974,20974,20974,1,98974,98974,98974
post-ending,trap_committed,3,1,1,19660,19660,19660,1,97660,97660,97660
post-ending,trap_committed,4,1,1,19519,19519,19519,1,97519,97519,97519
post-ending,trap_committed,5,1,1,19462,19462,19462,1,97462,97462,97462
post-ending,trap_committed,6,1,1,16424,16424,16424,1,94424,94424,94424
post-ending,trap_committed,7,1,1,16371,16371,16371,1,94371,94371,94371
post-ending,trap_committed,8,1,1,22182,22182,22182,1,100182,100182,100182
post-ending,trap_committed,9,1,1,22162,22162,22162,1,100162,100162,100162
post-ending,trap_committed,10,1,1,27563,27563,27563,1,105563,105563,105563
post-ending,trap_committed,11,1,1,39531,39531,39531,1,117531,117531,117531
post-ending,trap_committed,12,1,1,39531,39531,39531,1,117531,117531,117531
post-ending,trap_committed,13,1,1,39809,39809,39809,1,117809,117809,117809
post-ending,trap_committed,14,1,1,39616,39616,39616,1,117616,117616,117616
post-ending,trap_committed,15,1,1,40631,40631,40631,1,118631,118631,118631
post-ending,trap_committed,16,1,1,66011,66011,66011,1,144011,144011,144011
post-ending,trap_committed,17,1,1,55355,55355,55355,1,133355,133355,133355
post-ending,trap_committed,18,1,1,123955,123955,123955,1,201955,201955,201955
post-ending,trap_committed,19,1,1,107997,107997,107997,1,185997,185997,185997
post-ending,trap_committed,20,1,1,101397,101397,101397,1,179397,179397,179397
post-ending,trap_committed,21,1,1,155645,155645,155645,1,233645,233645,233645
post-ending,trap_committed,22,1,1,96875,96875,96875,1,174875,174875,174875
post-ending,trap_committed,23,1,1,182790,182790,182790,1,260790,260790,260790
post-ending,trap_committed,24,1,1,246358,246358,246358,1,324358,324358,324358
post-ending,trap_committed,25,1,1,86649,86649,86649,1,289649,289649,289649
post-ending,trap_committed,26,1,1,200689,200689,200689,1,403689,403689,403689
post-ending,trap_committed,27,1,1,335913,335913,335913,1,538913,538913,538913
post-ending,trap_committed,28,1,1,149639,149639,149639,1,352639,352639,352639
post-ending,trap_committed,29,1,1,44213,44213,44213,1,507213,507213,507213
post-ending,trap_committed,30,1,1,107463,107463,107463,1,570463,570463,570463
post-ending,trap_committed,31,1,1,281225,281225,281225,1,744225,744225,744225
post-ending,trap_committed,32,1,1,109345,109345,109345,1,772345,772345,772345
post-ending,trap_committed,33,1,1,185693,185693,185693,1,848693,848693,848693
post-ending,trap_committed,34,1,1,272693,272693,272693,1,935693,935693,935693
post-ending,trap_committed,35,1,1,383261,383261,383261,1,1046261,1046261,1046261
post-ending,trap_committed,36,1,1,516293,516293,516293,1,1179293,1179293,1179293
post-ending,trap_committed,37,1,1,31993,31993,31993,1,1214993,1214993,1214993
post-ending,trap_committed,38,1,1,82625,82625,82625,1,1265625,1265625,1265625
post-ending,trap_committed,39,1,1,119540,119540,119540,1,1302540,1302540,1302540
post-ending,trap_committed,40,1,1,185115,185115,185115,1,1368115,1368115,1368115
post-ending,trap_committed,41,1,1,204140,204140,204140,1,1387140,1387140,1387140
post-ending,trap_committed,42,1,1,222960,222960,222960,1,1405960,1405960,1405960
post-ending,trap_committed,43,1,1,241708,241708,241708,1,1424708,1424708,1424708
post-ending,trap_committed,44,1,1,568090,568090,568090,1,1751090,1751090,1751090
post-ending,trap_committed,45,1,1,741843,741843,741843,1,1924843,1924843,1924843
post-ending,trap_committed,46,1,1,821845,821845,821845,1,2004845,2004845,2004845
post-ending,trap_committed,47,1,1,910731,910731,910731,1,2093731,2093731,2093731
post-ending,trap_committed,48,1,1,983870,983870,983870,1,2166870,2166870,2166870
post-ending,trap_committed,49,1,1,1055218,1055218,1055218,1,2238218,2238218,2238218
post-ending,trap_committed,50,1,1,1126550,1126550,1126550,1,2309550,2309550,2309550
post-ending,trap_committed,51,1,1,1197771,1197771,1197771,1,2380771,2380771,2380771
post-ending,trap_committed,52,1,1,1260847,1260847,1260847,1,2443847,2443847,2443847
post-ending,trap_committed,53,1,1,1332102,1332102,1332102,1,2515102,2515102,2515102
post-ending,trap_committed,54,1,1,1416393,1416393,1416393,1,2599393,2599393,2599393
post-ending,trap_committed,55,1,1,1487739,1487739,1487739,1,2670739,2670739,2670739
post-ending,trap_committed,56,1,1,1563664,1563664,1563664,1,2746664,2746664,2746664
post-ending,trap_committed,57,1,1,1734917,1734917,1734917,1,2917917,2917917,2917917
post-ending,trap_committed,58,1,1,1805267,1805267,1805267,1,2988267,2988267,2988267
post-ending,trap_committed,59,1,1,1898184,1898184,1898184,1,3081184,3081184,3081184
post-ending,trap_committed,60,1,1,1969561,1969561,1969561,1,3152561,3152561,3152561
post-ending,trap_committed,61,1,1,2059595,2059595,2059595,1,3242595,3242595,3242595
post-ending,trap_committed,62,1,1,2130981,2130981,2130981,1,3313981,3313981,3313981
post-ending,trap_committed,63,1,1,2202358,2202358,2202358,1,3385358,3385358,3385358
post-ending,trap_committed,64,1,1,2273694,2273694,2273694,1,3456694,3456694,3456694
post-ending,trap_committed,65,1,1,2352882,2352882,2352882,1,3535882,3535882,3535882
post-ending,trap_committed,66,1,1,2438782,2438782,2438782,1,3621782,3621782,3621782
post-ending,trap_committed,67,1,1,2506559,2506559,2506559,1,3689559,3689559,3689559
post-ending,trap_committed,68,1,1,2595705,2595705,2595705,1,3778705,3778705,3778705
post-ending,trap_committed,69,1,1,2667091,2667091,2667091,1,3850091,3850091,3850091
post-ending,trap_committed,70,1,1,2738406,2738406,2738406,1,3921406,3921406,3921406
post-ending,trap_careful,1,1,1,21982,21982,21982,1,99982,99982,99982
post-ending,trap_careful,2,1,1,21824,21824,21824,1,99824,99824,99824
post-ending,trap_careful,3,1,1,21824,21824,21824,1,99824,99824,99824
post-ending,trap_careful,4,1,1,21743,21743,21743,1,99743,99743,99743
post-ending,trap_careful,5,1,1,18988,18988,18988,1,96988,96988,96988
post-ending,trap_careful,6,1,1,15170,15170,15170,1,93170,93170,93170
post-ending,trap_careful,7,1,1,10741,10741,10741,1,88741,88741,88741
post-ending,trap_careful,8,1,1,16647,16647,16647,1,94647,94647,94647
post-ending,trap_careful,9,1,1,16611,16611,16611,1,94611,94611,94611
post-ending,trap_careful,10,1,1,16573,16573,16573,1,94573,94573,94573
post-ending,trap_careful,11,1,1,28488,28488,28488,1,106488,106488,106488
post-ending,trap_careful,12,1,1,28488,28488,28488,1,106488,106488,106488
post-ending,trap_careful,13,1,1,27250,27250,27250,1,105250,105250,105250
post-ending,trap_careful,14,1,1,27180,27180,27180,1,105180,105180,105180
post-ending,trap_careful,15,1,1,27125,27125,27125,1,105125,105125,105125
post-ending,trap_careful,16,1,1,58110,58110,58110,1,136110,136110,136110
post-ending,trap_careful,17,1,1,62609,62609,62609,1,140609,140609,140609
post-ending,trap_careful,18,1,1,60751,60751,60751,1,138751,138751,138751
post-ending,trap_careful,19,1,1,68241,68241,68241,1,146241,146241,146241
post-ending,trap_careful,20,1,1,99227,99227,99227,1,177227,177227,177227
post-ending,trap_careful,21,1,1,98968,98968,98968,1,176968,176968,176968
post-ending,trap_careful,22,1,1,97492,97492,97492,1,175492,175492,175492
post-ending,trap_careful,23,1,1,63868,63868,63868,1,141868,141868,141868
post-ending,trap_careful,24,1,1,75782,75782,75782,1,153782,153782,153782
post-ending,trap_careful,25,1,1,108075,108075,108075,1,186075,186075,186075
post-ending,trap_careful,26,1,1,85527,85527,85527,1,163527,163527,163527
post-ending,trap_careful,27,1,1,66984,66984,66984,1,144984,144984,144984
post-ending,trap_careful,28,1,1,98330,98330,98330,1,176330,176330,176330
post-ending,trap_careful,29,1,1,80673,80673,80673,1,158673,158673,158673
post-ending,trap_careful,30,1,1,119917,119917,119917,1,197917,197917,197917
post-ending,trap_careful,31,1,1,190152,190152,190152,1,268152,268152,268152
post-ending,trap_careful,32,1,1,223392,223392,223392,1,301392,301392,301392
post-ending,trap_careful,33,1,1,294692,294692,294692,1,372692,372692,372692
post-ending,trap_careful,34,1,1,87854,87854,87854,1,290854,290854,290854
post-ending,trap_careful,35,1,1,142925,142925,142925,1,345925,345925,345925
post-ending,trap_careful,36,1,1,174229,174229,174229,1,377229,377229,377229
post-ending,trap_careful,37,1,1,162362,162362,162362,1,365362,365362,365362
post-ending,trap_careful,38,1,1,185962,185962,185962,1,388962,388962,388962
post-ending,trap_careful,39,1,1,256261,256261,256261,1,459261,459261,459261
post-ending,trap_careful,40,1,1,263741,263741,263741,1,466741,466741,466741
post-ending,trap_careful,41,1,1,290223,290223,290223,1,493223,493223,493223
post-ending,trap_careful,42,1,1,48104,48104,48104,1,251104,251104,251104
post-ending,trap_careful,43,1,1,61268,61268,61268,1,264268,264268,264268
post-ending,trap_careful,44,1,1,79021,79021,79021,1,282021,282021,282021
post-ending,trap_careful,45,1,1,133977,133977,133977,1,336977,336977,336977
post-ending,trap_careful,46,1,1,169583,169583,169583,1,372583,372583,372583
post-ending,trap_careful,47,1,1,223239,223239,223239,1,426239,426239,426239
post-ending,trap_careful,48,1,1,258883,258883,258883,1,461883,461883,461883
post-ending,trap_careful,49,1,1,289463,289463,289463,1,492463,492463,492463
post-ending,trap_careful,50,1,1,331248,331248,331248,1,534248,534248,534248
post-ending,trap_careful,51,1,1,365076,365076,365076,1,568076,568076,568076
post-ending,trap_careful,52,1,1,398878,398878,398878,1,601878,601878,601878
post-ending,trap_careful,53,1,1,417608,417608,417608,1,620608,620608,620608
post-ending,trap_careful,54,1,1,449735,449735,449735,1,652735,652735,652735
post-ending,trap_careful,55,1,1,766076,766076,766076,1,969076,969076,969076
post-ending,trap_careful,56,1,1,977344,977344,977344,1,1180344,1180344,1180344
post-ending,trap_careful,57,1,1,1155264,1155264,1155264,1,1358264,1358264,1358264
post-ending,trap_careful,58,1,1,1226919,1226919,1226919,1,1429919,1429919,1429919
post-ending,trap_careful,59,1,1,1312810,1312810,1312810,1,1515810,1515810,1515810
post-ending,trap_careful,60,1,1,1384077,1384077,1384077,1,1587077,1587077,1587077
post-ending,trap_careful,61,1,1,1454463,1454463,1454463,1,1657463,1657463,1657463
post-ending,trap_careful,62,1,1,1522067,1522067,1522067,1,1725067,1725067,1725067
post-ending,trap_careful,63,1,1,1593399,1593399,1593399,1,1796399,1796399,1796399
post-ending,trap_careful,64,1,1,1664685,1664685,1664685,1,1867685,1867685,1867685
post-ending,trap_careful,65,1,1,1736266,1736266,1736266,1,1939266,1939266,1939266
post-ending,trap_careful,66,1,1,1832057,1832057,1832057,1,2035057,2035057,2035057
post-ending,trap_careful,67,1,1,1898802,1898802,1898802,1,2101802,2101802,2101802
post-ending,trap_careful,68,1,1,1987764,1987764,1987764,1,2190764,2190764,2190764
post-ending,trap_careful,69,1,1,2058015,2058015,2058015,1,2261015,2261015,2261015
post-ending,trap_careful,70,1,1,2104415,2104415,2104415,1,2307415,2307415,2307415
post-ending,trap_aggressive,1,1,1,21871,21871,21871,1,99871,99871,99871
post-ending,trap_aggressive,2,1,1,17993,17993,17993,1,95993,95993,95993
post-ending,trap_aggressive,3,1,1,18306,18306,18306,1,96306,96306,96306
post-ending,trap_aggressive,4,1,1,18508,18508,18508,1,96508,96508,96508
post-ending,trap_aggressive,5,1,1,18342,18342,18342,1,96342,96342,96342
post-ending,trap_aggressive,6,1,1,18620,18620,18620,1,96620,96620,96620
post-ending,trap_aggressive,7,1,1,18830,18830,18830,1,96830,96830,96830
post-ending,trap_aggressive,8,1,1,25105,25105,25105,1,103105,103105,103105
post-ending,trap_aggressive,9,1,1,25345,25345,25345,1,103345,103345,103345
post-ending,trap_aggressive,10,1,1,28251,28251,28251,1,106251,106251,106251
post-ending,trap_aggressive,11,1,1,40219,40219,40219,1,118219,118219,118219
post-ending,trap_aggressive,12,1,1,15564,15564,15564,1,93564,93564,93564
post-ending,trap_aggressive,13,1,1,15910,15910,15910,1,93910,93910,93910
post-ending,trap_aggressive,14,1,1,22526,22526,22526,1,100526,100526,100526
post-ending,trap_aggressive,15,1,1,22742,22742,22742,1,100742,100742,100742
post-ending,trap_aggressive,16,1,1,21747,21747,21747,1,99747,99747,99747
post-ending,trap_aggressive,17,1,1,22080,22080,22080,1,100080,100080,100080
post-ending,trap_aggressive,18,1,1,22080,22080,22080,1,100080,100080,100080
post-ending,trap_aggressive,19,1,1,21942,21942,21942,1,99942,99942,99942
post-ending,trap_aggressive,20,1,1,23112,23112,23112,1,101112,101112,101112
post-ending,trap_aggressive,21,1,1,19396,19396,19396,1,97396,97396,97396
post-ending,trap_aggressive,22,1,1,19320,19320,19320,1,97320,97320,97320
post-ending,trap_aggressive,23,1,1,19244,19244,19244,1,97244,97244,97244
post-ending,trap_aggressive,24,1,1,33141,33141,33141,1,111141,111141,111141
post-ending,trap_aggressive,25,1,1,78924,78924,78924,1,156924,156924,156924
post-ending,trap_aggressive,26,1,1,17717,17717,17717,1,95717,95717,95717
post-ending,trap_aggressive,27,1,1,28704,28704,28704,1,106704,106704,106704
post-ending,trap_aggressive,28,1,1,34248,34248,34248,1,112248,112248,112248
post-ending,trap_aggressive,29,1,1,114848,114848,114848,1,192848,192848,192848
post-ending,trap_aggressive,30,1,1,95372,95372,95372,1,173372,173372,173372
post-ending,trap_aggressive,31,1,1,90972,90972,90972,1,168972,168972,168972
post-ending,trap_aggressive,32,1,1,96543,96543,96543,1,174543,174543,174543
post-ending,trap_aggressive,33,1,1,101985,101985,101985,1,179985,179985,179985
post-ending,trap_aggressive,34,1,1,106667,106667,106667,1,184667,184667,184667
post-ending,trap_aggressive,35,1,1,112109,112109,112109,1,190109,190109,190109
post-ending,trap_aggressive,36,1,1,117667,117667,117667,1,195667,195667,195667
post-ending,trap_aggressive,37,1,1,123111,123111,123111,1,201111,201111,201111
post-ending,trap_aggressive,38,1,1,52691,52691,52691,1,130691,130691,130691
post-ending,trap_aggressive,39,1,1,55735,55735,55735,1,133735,133735,133735
post-ending,trap_aggressive,40,1,1,61303,61303,61303,1,139303,139303,139303
post-ending,trap_aggressive,41,1,1,66692,66692,66692,1,144692,144692,144692
post-ending,trap_aggressive,42,1,1,72130,72130,72130,1,150130,150130,150130
post-ending,trap_aggressive,43,1,1,77698,77698,77698,1,155698,155698,155698
post-ending,trap_aggressive,44,1,1,83176,83176,83176,1,161176,161176,161176
post-ending,trap_aggressive,45,1,1,43945,43945,43945,1,121945,121945,121945
post-ending,trap_aggressive,46,1,1,48129,48129,48129,1,126129,126129,126129
post-ending,trap_aggressive,47,1,1,43459,43459,43459,1,121459,121459,121459
post-ending,trap_aggressive,48,1,1,42515,42515,42515,1,120515,120515,120515
post-ending,trap_aggressive,49,1,1,53096,53096,53096,1,131096,131096,131096
post-ending,trap_aggressive,50,1,1,64258,64258,64258,1,142258,142258,142258
post-ending,trap_aggressive,51,1,1,75322,75322,75322,1,153322,153322,153322
post-ending,trap_aggressive,52,1,1,102018,102018,102018,1,180018,180018,180018
post-ending,trap_aggressive,53,1,1,113142,113142,113142,1,191142,191142,191142
post-ending,trap_aggressive,54,1,1,124319,124319,124319,1,202319,202319,202319
post-ending,trap_aggressive,55,1,1,135400,135400,135400,1,213400,213400,213400
post-ending,trap_aggressive,56,1,1,146580,146580,146580,1,224580,224580,224580
post-ending,trap_aggressive,57,1,1,112122,112122,112122,1,190122,190122,190122
post-ending,trap_aggressive,58,1,1,119455,119455,119455,1,197455,197455,197455
post-ending,trap_aggressive,59,1,1,139603,139603,139603,1,217603,217603,217603
post-ending,trap_aggressive,60,1,1,158765,158765,158765,1,236765,236765,236765
post-ending,trap_aggressive,61,1,1,178271,178271,178271,1,256271,256271,256271
post-ending,trap_aggressive,62,1,1,197811,197811,197811,1,275811,275811,275811
post-ending,trap_aggressive,63,1,1,217359,217359,217359,1,295359,295359,295359
post-ending,trap_aggressive,64,1,1,243888,243888,243888,1,321888,321888,321888
post-ending,trap_aggressive,65,1,1,10850,10850,10850,1,88850,88850,88850
post-ending,trap_aggressive,66,1,1,16505,16505,16505,1,94505,94505,94505
post-ending,trap_aggressive,67,1,1,55598,55598,55598,1,133598,133598,133598
post-ending,trap_aggressive,68,1,1,150695,150695,150695,1,228695,228695,228695
post-ending,trap_aggressive,69,1,1,161757,161757,161757,1,239757,239757,239757
post-ending,trap_aggressive,70,1,1,178628,178628,178628,1,256628,256628,256628
post-ending,trap_wholesale,1,1,1,21930,21930,21930,1,99930,99930,99930
post-ending,trap_wholesale,2,1,1,21832,21832,21832,1,99832,99832,99832
post-ending,trap_wholesale,3,1,1,21672,21672,21672,1,99672,99672,99672
post-ending,trap_wholesale,4,1,1,21481,21481,21481,1,99481,99481,99481
post-ending,trap_wholesale,5,1,1,21402,21402,21402,1,99402,99402,99402
post-ending,trap_wholesale,6,1,1,19451,19451,19451,1,97451,97451,97451
post-ending,trap_wholesale,7,1,1,19396,19396,19396,1,97396,97396,97396
post-ending,trap_wholesale,8,1,1,25276,25276,25276,1,103276,103276,103276
post-ending,trap_wholesale,9,1,1,5156,5156,5156,1,83156,83156,83156
post-ending,trap_wholesale,10,1,1,4913,4913,4913,1,82913,82913,82913
post-ending,trap_wholesale,11,1,1,4897,4897,4897,1,82897,82897,82897
post-ending,trap_wholesale,12,1,1,4897,4897,4897,1,82897,82897,82897
post-ending,trap_wholesale,13,1,1,1974,1974,1974,1,79974,79974,79974
post-ending,trap_wholesale,14,1,1,2257,2257,2257,1,80257,80257,80257
post-ending,trap_wholesale,15,1,1,3124,3124,3124,1,81124,81124,81124
post-ending,trap_wholesale,16,1,1,2979,2979,2979,1,80979,80979,80979
post-ending,trap_wholesale,17,1,1,50520,50520,50520,1,128520,128520,128520
post-ending,trap_wholesale,18,1,1,73226,73226,73226,1,151226,151226,151226
post-ending,trap_wholesale,19,1,1,92136,92136,92136,1,170136,170136,170136
post-ending,trap_wholesale,20,1,1,50991,50991,50991,1,128991,128991,128991
post-ending,trap_wholesale,21,1,1,52292,52292,52292,1,130292,130292,130292
post-ending,trap_wholesale,22,1,1,59960,59960,59960,1,137960,137960,137960
post-ending,trap_wholesale,23,1,1,44709,44709,44709,1,122709,122709,122709
post-ending,trap_wholesale,24,1,1,111104,111104,111104,1,189104,189104,189104
post-ending,trap_wholesale,25,1,1,26166,26166,26166,1,104166,104166,104166
post-ending,trap_wholesale,26,1,1,61856,61856,61856,1,139856,139856,139856
post-ending,trap_wholesale,27,1,1,73336,73336,73336,1,151336,151336,151336
post-ending,trap_wholesale,28,1,1,97207,97207,97207,1,175207,175207,175207
post-ending,trap_wholesale,29,1,1,87932,87932,87932,1,165932,165932,165932
post-ending,trap_wholesale,30,1,1,142789,142789,142789,1,220789,220789,220789
post-ending,trap_wholesale,31,1,1,97389,97389,97389,1,175389,175389,175389
post-ending,trap_wholesale,32,1,1,129297,129297,129297,1,207297,207297,207297
post-ending,trap_wholesale,33,1,1,147877,147877,147877,1,225877,225877,225877
post-ending,trap_wholesale,34,1,1,165163,165163,165163,1,243163,243163,243163
post-ending,trap_wholesale,35,1,1,206870,206870,206870,1,284870,284870,284870
post-ending,trap_wholesale,36,1,1,267718,267718,267718,1,345718,345718,345718
post-ending,trap_wholesale,37,1,1,259265,259265,259265,1,337265,337265,337265
post-ending,trap_wholesale,38,1,1,250402,250402,250402,1,328402,328402,328402
post-ending,trap_wholesale,39,1,1,238212,238212,238212,1,316212,316212,316212
post-ending,trap_wholesale,40,1,1,229706,229706,229706,1,307706,307706,307706
post-ending,trap_wholesale,41,1,1,221168,221168,221168,1,299168,299168,299168
post-ending,trap_wholesale,42,1,1,210894,210894,210894,1,288894,288894,288894
post-ending,trap_wholesale,43,1,1,207820,207820,207820,1,285820,285820,285820
post-ending,trap_wholesale,44,1,1,199301,199301,199301,1,277301,277301,277301
post-ending,trap_wholesale,45,1,1,194228,194228,194228,1,272228,272228,272228
post-ending,trap_wholesale,46,1,1,185709,185709,185709,1,263709,263709,263709
post-ending,trap_wholesale,47,1,1,186097,186097,186097,1,264097,264097,264097
post-ending,trap_wholesale,48,1,1,177568,177568,177568,1,255568,255568,255568
post-ending,trap_wholesale,49,1,1,169098,169098,169098,1,247098,247098,247098
post-ending,trap_wholesale,50,1,1,160877,160877,160877,1,238877,238877,238877
post-ending,trap_wholesale,51,1,1,152332,152332,152332,1,230332,230332,230332
post-ending,trap_wholesale,52,1,1,145238,145238,145238,1,223238,223238,223238
post-ending,trap_wholesale,53,1,1,136751,136751,136751,1,214751,214751,214751
post-ending,trap_wholesale,54,1,1,128405,128405,128405,1,206405,206405,206405
post-ending,trap_wholesale,55,1,1,128310,128310,128310,1,206310,206310,206310
post-ending,trap_wholesale,56,1,1,119802,119802,119802,1,197802,197802,197802
post-ending,trap_wholesale,57,1,1,211355,211355,211355,1,289355,289355,289355
post-ending,trap_wholesale,58,1,1,202916,202916,202916,1,280916,280916,280916
post-ending,trap_wholesale,59,1,1,201045,201045,201045,1,279045,279045,279045
post-ending,trap_wholesale,60,1,1,192613,192613,192613,1,270613,270613,270613
post-ending,trap_wholesale,61,1,1,184055,184055,184055,1,262055,262055,262055
post-ending,trap_wholesale,62,1,1,175603,175603,175603,1,253603,253603,253603
post-ending,trap_wholesale,63,1,1,167109,167109,167109,1,245109,245109,245109
post-ending,trap_wholesale,64,1,1,158119,158119,158119,1,236119,236119,236119
post-ending,trap_wholesale,65,1,1,149662,149662,149662,1,227662,227662,227662
post-ending,trap_wholesale,66,1,1,150544,150544,150544,1,228544,228544,228544
post-ending,trap_wholesale,67,1,1,142006,142006,142006,1,220006,220006,220006
post-ending,trap_wholesale,68,1,1,132982,132982,132982,1,210982,210982,210982
post-ending,trap_wholesale,69,1,1,124506,124506,124506,1,202506,202506,202506
post-ending,trap_wholesale,70,1,1,115110,115110,115110,1,193110,193110,193110
post-ending,collector,1,1,1,21896,21896,21896,1,99896,99896,99896
post-ending,collector,2,1,1,21639,21639,21639,1,99639,99639,99639
post-ending,collector,3,1,1,21540,21540,21540,1,99540,99540,99540
post-ending,collector,4,1,1,18032,18032,18032,1,96032,96032,96032
post-ending,collector,5,1,1,17873,17873,17873,1,95873,95873,95873
post-ending,collector,6,1,1,17630,17630,17630,1,95630,95630,95630
post-ending,collector,7,1,1,17516,17516,17516,1,95516,95516,95516
post-ending,collector,8,1,1,17303,17303,17303,1,95303,95303,95303
post-ending,collector,9,1,1,17275,17275,17275,1,95275,95275,95275
post-ending,collector,10,1,1,17160,17160,17160,1,95160,95160,95160
post-ending,collector,11,1,1,17039,17039,17039,1,95039,95039,95039
post-ending,collector,12,1,1,17039,17039,17039,1,95039,95039,95039
post-ending,collector,13,1,1,17337,17337,17337,1,95337,95337,95337
post-ending,collector,14,1,1,17279,17279,17279,1,95279,95279,95279
post-ending,collector,15,1,1,17096,17096,17096,1,95096,95096,95096
post-ending,collector,16,1,1,15791,15791,15791,1,93791,93791,93791
post-ending,collector,17,1,1,15773,15773,15773,1,93773,93773,93773
post-ending,collector,18,1,1,11697,11697,11697,1,89697,89697,89697
post-ending,collector,19,1,1,11697,11697,11697,1,89697,89697,89697
post-ending,collector,20,1,1,11453,11453,11453,1,89453,89453,89453
post-ending,collector,21,1,1,11326,11326,11326,1,89326,89326,89326
post-ending,collector,22,1,1,11294,11294,11294,1,89294,89294,89294
post-ending,collector,23,1,1,7157,7157,7157,1,85157,85157,85157
post-ending,collector,24,1,1,6619,6619,6619,1,84619,84619,84619
post-ending,collector,25,1,1,6374,6374,6374,1,84374,84374,84374
post-ending,collector,26,1,1,6257,6257,6257,1,84257,84257,84257
post-ending,collector,27,1,1,6219,6219,6219,1,84219,84219,84219
post-ending,collector,28,1,1,6000,6000,6000,1,84000,84000,84000
post-ending,collector,29,1,1,105946,105946,105946,1,183946,183946,183946
post-ending,collector,30,1,1,105870,105870,105870,1,183870,183870,183870
post-ending,collector,31,1,1,109830,109830,109830,1,187830,187830,187830
post-ending,collector,32,1,1,109830,109830,109830,1,187830,187830,187830
post-ending,collector,33,1,1,109749,109749,109749,1,187749,187749,187749
post-ending,collector,34,1,1,109731,109731,109731,1,187731,187731,187731
post-ending,collector,35,1,1,109708,109708,109708,1,187708,187708,187708
post-ending,collector,36,1,1,109469,109469,109469,1,187469,187469,187469
post-ending,collector,37,1,1,117399,117399,117399,1,195399,195399,195399
post-ending,collector,38,1,1,117231,117231,117231,1,195231,195231,195231
post-ending,collector,39,1,1,117126,117126,117126,1,195126,195126,195126
post-ending,collector,40,1,1,117054,117054,117054,1,195054,195054,195054
post-ending,collector,41,1,1,116794,116794,116794,1,194794,194794,194794
post-ending,collector,42,1,1,116573,116573,116573,1,194573,194573,194573
post-ending,collector,43,1,1,122016,122016,122016,1,200016,200016,200016
post-ending,collector,44,1,1,121924,121924,121924,1,199924,199924,199924
post-ending,collector,45,1,1,121763,121763,121763,1,199763,199763,199763
post-ending,collector,46,1,1,117749,117749,117749,1,195749,195749,195749
post-ending,collector,47,1,1,116803,116803,116803,1,194803,194803,194803
post-ending,collector,48,1,1,116680,116680,116680,1,194680,194680,194680
post-ending,collector,49,1,1,118415,118415,118415,1,196415,196415,196415
post-ending,collector,50,1,1,118389,118389,118389,1,196389,196389,196389
post-ending,collector,51,1,1,118241,118241,118241,1,196241,196241,196241
post-ending,collector,52,1,1,118162,118162,118162,1,196162,196162,196162
post-ending,collector,53,1,1,116344,116344,116344,1,194344,194344,194344
post-ending,collector,54,1,1,115795,115795,115795,1,193795,193795,193795
post-ending,collector,55,1,1,123869,123869,123869,1,201869,201869,201869
post-ending,collector,56,1,1,123770,123770,123770,1,201770,201770,201770
post-ending,collector,57,1,1,223532,223532,223532,1,301532,301532,301532
post-ending,collector,58,1,1,223463,223463,223463,1,301463,301463,301463
post-ending,collector,59,1,1,223276,223276,223276,1,301276,301276,301276
post-ending,collector,60,1,1,223108,223108,223108,1,301108,301108,301108
post-ending,collector,61,1,1,222992,222992,222992,1,300992,300992,300992
post-ending,collector,62,1,1,222942,222942,222942,1,300942,300942,300942
post-ending,collector,63,1,1,222033,222033,222033,1,300033,300033,300033
post-ending,collector,64,1,1,221890,221890,221890,1,299890,299890,299890
post-ending,collector,65,1,1,221752,221752,221752,1,299752,299752,299752
post-ending,collector,66,1,1,221541,221541,221541,1,299541,299541,299541
post-ending,collector,67,1,1,221525,221525,221525,1,299525,299525,299525
post-ending,collector,68,1,1,221002,221002,221002,1,299002,299002,299002
post-ending,collector,69,1,1,230109,230109,230109,1,308109,308109,308109
post-ending,collector,70,1,1,229907,229907,229907,1,307907,307907,307907
post-ending,musician,1,1,1,99977,99977,99977,1,99977,99977,99977
post-ending,musician,2,1,1,99720,99720,99720,1,99720,99720,99720
post-ending,musician,3,1,1,99960,99960,99960,1,99960,99960,99960
post-ending,musician,4,1,1,99078,99078,99078,1,99078,99078,99078
post-ending,musician,5,1,1,98975,98975,98975,1,98975,98975,98975
post-ending,musician,6,1,1,98861,98861,98861,1,98861,98861,98861
post-ending,musician,7,1,1,99065,99065,99065,1,99065,99065,99065
post-ending,musician,8,1,1,99396,99396,99396,1,99396,99396,99396
post-ending,musician,9,1,1,95120,95120,95120,1,95120,95120,95120
post-ending,musician,10,1,1,91482,91482,91482,1,91482,91482,91482
post-ending,musician,11,1,1,91370,91370,91370,1,91370,91370,91370
post-ending,musician,12,1,1,91370,91370,91370,1,91370,91370,91370
post-ending,musician,13,1,1,91338,91338,91338,1,91338,91338,91338
post-ending,musician,14,1,1,91644,91644,91644,1,91644,91644,91644
post-ending,musician,15,1,1,91503,91503,91503,1,91503,91503,91503
post-ending,musician,16,1,1,91441,91441,91441,1,91441,91441,91441
post-ending,musician,17,1,1,91781,91781,91781,1,91781,91781,91781
post-ending,musician,18,1,1,90206,90206,90206,1,90206,90206,90206
post-ending,musician,19,1,1,90103,90103,90103,1,90103,90103,90103
post-ending,musician,20,1,1,89381,89381,89381,1,89381,89381,89381
post-ending,musician,21,1,1,89576,89576,89576,1,89576,89576,89576
post-ending,musician,22,1,1,89553,89553,89553,1,89553,89553,89553
post-ending,musician,23,1,1,89388,89388,89388,1,89388,89388,89388
post-ending,musician,24,1,1,89719,89719,89719,1,89719,89719,89719
post-ending,musician,25,1,1,89590,89590,89590,1,89590,89590,89590
post-ending,musician,26,1,1,89830,89830,89830,1,89830,89830,89830
post-ending,musician,27,1,1,90032,90032,90032,1,90032,90032,90032
post-ending,musician,28,1,1,90268,90268,90268,1,90268,90268,90268
post-ending,musician,29,1,1,70573,70573,70573,1,130573,130573,130573
post-ending,musician,30,1,1,70417,70417,70417,1,130417,130417,130417
post-ending,musician,31,1,1,70417,70417,70417,1,130417,130417,130417
post-ending,musician,32,1,1,70323,70323,70323,1,130323,130323,130323
post-ending,musician,33,1,1,70300,70300,70300,1,130300,130300,130300
post-ending,musician,34,1,1,70300,70300,70300,1,130300,130300,130300
post-ending,musician,35,1,1,70218,70218,70218,1,130218,130218,130218
post-ending,musician,36,1,1,69789,69789,69789,1,129789,129789,129789
post-ending,musician,37,1,1,67913,67913,67913,1,127913,127913,127913
post-ending,musician,38,1,1,65388,65388,65388,1,125388,125388,125388
post-ending,musician,39,1,1,65276,65276,65276,1,125276,125276,125276
post-ending,musician,40,1,1,65490,65490,65490,1,125490,125490,125490
post-ending,musician,41,1,1,65241,65241,65241,1,125241,125241,125241
post-ending,musician,42,1,1,65106,65106,65106,1,125106,125106,125106
post-ending,musician,43,1,1,63584,63584,63584,1,123584,123584,123584
post-ending,musician,44,1,1,63431,63431,63431,1,123431,123431,123431
post-ending,musician,45,1,1,63337,63337,63337,1,123337,123337,123337
post-ending,musician,46,1,1,63655,63655,63655,1,123655,123655,123655
post-ending,musician,47,1,1,63590,63590,63590,1,123590,123590,123590
post-ending,musician,48,1,1,63779,63779,63779,1,123779,123779,123779
post-ending,musician,49,1,1,62507,62507,62507,1,122507,122507,122507
post-ending,musician,50,1,1,62478,62478,62478,1,122478,122478,122478
post-ending,musician,51,1,1,62400,62400,62400,1,122400,122400,122400
post-ending,musician,52,1,1,57971,57971,57971,1,117971,117971,117971
post-ending,musician,53,1,1,57739,57739,57739,1,117739,117739,117739
post-ending,musician,54,1,1,54470,54470,54470,1,114470,114470,114470
post-ending,musician,55,1,1,54682,54682,54682,1,114682,114682,114682
post-ending,musician,56,1,1,53174,53174,53174,1,113174,113174,113174
post-ending,musician,57,1,1,153132,153132,153132,1,213132,213132,213132
post-ending,musician,58,1,1,151247,151247,151247,1,211247,211247,211247
post-ending,musician,59,1,1,151095,151095,151095,1,211095,211095,211095
post-ending,musician,60,1,1,150974,150974,150974,1,210974,210974,210974
post-ending,musician,61,1,1,150923,150923,150923,1,210923,210923,210923
post-ending,musician,62,1,1,151209,151209,151209,1,211209,211209,211209
post-ending,musician,63,1,1,151479,151479,151479,1,211479,211479,211479
post-ending,musician,64,1,1,151371,151371,151371,1,211371,211371,211371
post-ending,musician,65,1,1,151267,151267,151267,1,211267,211267,211267
post-ending,musician,66,1,1,146918,146918,146918,1,206918,206918,206918
post-ending,musician,67,1,1,147192,147192,147192,1,207192,207192,207192
post-ending,musician,68,1,1,147468,147468,147468,1,207468,207468,207468
post-ending,musician,69,1,1,147301,147301,147301,1,207301,207301,207301
post-ending,musician,70,1,1,147172,147172,147172,1,207172,207172,207172
post-ending,drifter,1,1,1,21936,21936,21936,1,99936,99936,99936
post-ending,drifter,2,1,1,19978,19978,19978,1,97978,97978,97978
post-ending,drifter,3,1,1,15964,15964,15964,1,93964,93964,93964
post-ending,drifter,4,1,1,15844,15844,15844,1,93844,93844,93844
post-ending,drifter,5,1,1,11968,11968,11968,1,89968,89968,89968
post-ending,drifter,6,1,1,11830,11830,11830,1,89830,89830,89830
post-ending,drifter,7,1,1,11801,11801,11801,1,89801,89801,89801
post-ending,drifter,8,1,1,11783,11783,11783,1,89783,89783,89783
post-ending,drifter,9,1,1,11707,11707,11707,1,89707,89707,89707
post-ending,drifter,10,1,1,10671,10671,10671,1,88671,88671,88671
post-ending,drifter,11,1,1,10619,10619,10619,1,88619,88619,88619
post-ending,drifter,12,1,1,10619,10619,10619,1,88619,88619,88619
post-ending,drifter,13,1,1,10885,10885,10885,1,88885,88885,88885
post-ending,drifter,14,1,1,10871,10871,10871,1,88871,88871,88871
post-ending,drifter,15,1,1,9935,9935,9935,1,87935,87935,87935
post-ending,drifter,16,1,1,6850,6850,6850,1,84850,84850,84850
post-ending,drifter,17,1,1,6736,6736,6736,1,84736,84736,84736
post-ending,drifter,18,1,1,16513,16513,16513,1,94513,94513,94513
post-ending,drifter,19,1,1,17855,17855,17855,1,95855,95855,95855
post-ending,drifter,20,1,1,19041,19041,19041,1,97041,97041,97041
post-ending,drifter,21,1,1,19041,19041,19041,1,97041,97041,97041
post-ending,drifter,22,1,1,18905,18905,18905,1,96905,96905,96905
post-ending,drifter,23,1,1,18467,18467,18467,1,96467,96467,96467
post-ending,drifter,24,1,1,18710,18710,18710,1,96710,96710,96710
post-ending,drifter,25,1,1,16174,16174,16174,1,94174,94174,94174
post-ending,drifter,26,1,1,15985,15985,15985,1,93985,93985,93985
post-ending,drifter,27,1,1,21272,21272,21272,1,99272,99272,99272
post-ending,drifter,28,1,1,24025,24025,24025,1,102025,102025,102025
post-ending,drifter,29,1,1,85928,85928,85928,1,201928,201928,201928
post-ending,drifter,30,1,1,80564,80564,80564,1,196564,196564,196564
post-ending,drifter,31,1,1,84679,84679,84679,1,200679,200679,200679
post-ending,drifter,32,1,1,84665,84665,84665,1,200665,200665,200665
post-ending,drifter,33,1,1,84894,84894,84894,1,200894,200894,200894
post-ending,drifter,34,1,1,83949,83949,83949,1,199949,199949,199949
post-ending,drifter,35,1,1,83811,83811,83811,1,199811,199811,199811
post-ending,drifter,36,1,1,93940,93940,93940,1,209940,209940,209940
post-ending,drifter,37,1,1,102111,102111,102111,1,218111,218111,218111
post-ending,drifter,38,1,1,102111,102111,102111,1,218111,218111,218111
post-ending,drifter,39,1,1,100250,100250,100250,1,216250,216250,216250
post-ending,drifter,40,1,1,100089,100089,100089,1,216089,216089,216089
post-ending,drifter,41,1,1,7189,7189,7189,1,123189,123189,123189
post-ending,drifter,42,1,1,8224,8224,8224,1,124224,124224,124224
post-ending,drifter,43,1,1,6977,6977,6977,1,122977,122977,122977
post-ending,drifter,44,1,1,15488,15488,15488,1,131488,131488,131488
post-ending,drifter,45,1,1,15369,15369,15369,1,131369,131369,131369
post-ending,drifter,46,1,1,15491,15491,15491,1,131491,131491,131491
post-ending,drifter,47,1,1,15815,15815,15815,1,131815,131815,131815
post-ending,drifter,48,1,1,14006,14006,14006,1,130006,130006,130006
post-ending,drifter,49,1,1,13974,13974,13974,1,129974,129974,129974
post-ending,drifter,50,1,1,19733,19733,19733,1,135733,135733,135733
post-ending,drifter,51,1,1,19653,19653,19653,1,135653,135653,135653
post-ending,drifter,52,1,1,19576,19576,19576,1,135576,135576,135576
post-ending,drifter,53,1,1,19859,19859,19859,1,135859,135859,135859
post-ending,drifter,54,1,1,20219,20219,20219,1,136219,136219,136219
post-ending,drifter,55,1,1,20187,20187,20187,1,136187,136187,136187
post-ending,drifter,56,1,1,24506,24506,24506,1,140506,140506,140506
post-ending,drifter,57,1,1,123853,123853,123853,1,239853,239853,239853
post-ending,drifter,58,1,1,123661,123661,123661,1,239661,239661,239661
post-ending,drifter,59,1,1,123900,123900,123900,1,239900,239900,239900
post-ending,drifter,60,1,1,124137,124137,124137,1,240137,240137,240137
post-ending,drifter,61,1,1,123972,123972,123972,1,239972,239972,239972
post-ending,drifter,62,1,1,123843,123843,123843,1,239843,239843,239843
post-ending,drifter,63,1,1,123665,123665,123665,1,239665,239665,239665
post-ending,drifter,64,1,1,123547,123547,123547,1,239547,239547,239547
post-ending,drifter,65,1,1,123371,123371,123371,1,239371,239371,239371
post-ending,drifter,66,1,1,123602,123602,123602,1,239602,239602,239602
post-ending,drifter,67,1,1,123841,123841,123841,1,239841,239841,239841
post-ending,drifter,68,1,1,129259,129259,129259,1,245259,245259,245259
post-ending,drifter,69,1,1,129159,129159,129159,1,245159,245159,245159
post-ending,drifter,70,1,1,129009,129009,129009,1,245009,245009,245009
post-ending,socialite,1,1,1,100248,100248,100248,1,100248,100248,100248
post-ending,socialite,2,1,1,99950,99950,99950,1,99950,99950,99950
post-ending,socialite,3,1,1,99738,99738,99738,1,99738,99738,99738
post-ending,socialite,4,1,1,99601,99601,99601,1,99601,99601,99601
post-ending,socialite,5,1,1,98264,98264,98264,1,98264,98264,98264
post-ending,socialite,6,1,1,96712,96712,96712,1,96712,96712,96712
post-ending,socialite,7,1,1,96694,96694,96694,1,96694,96694,96694
post-ending,socialite,8,1,1,96350,96350,96350,1,96350,96350,96350
post-ending,socialite,9,1,1,88280,88280,88280,1,88280,88280,88280
post-ending,socialite,10,1,1,87123,87123,87123,1,87123,87123,87123
post-ending,socialite,11,1,1,87123,87123,87123,1,87123,87123,87123
post-ending,socialite,12,1,1,87123,87123,87123,1,87123,87123,87123
post-ending,socialite,13,1,1,86833,86833,86833,1,86833,86833,86833
post-ending,socialite,14,1,1,86761,86761,86761,1,86761,86761,86761
post-ending,socialite,15,1,1,86279,86279,86279,1,86279,86279,86279
post-ending,socialite,16,1,1,85227,85227,85227,1,85227,85227,85227
post-ending,socialite,17,1,1,85073,85073,85073,1,85073,85073,85073
post-ending,socialite,18,1,1,84863,84863,84863,1,84863,84863,84863
post-ending,socialite,19,1,1,84741,84741,84741,1,84741,84741,84741
post-ending,socialite,20,1,1,84780,84780,84780,1,84780,84780,84780
post-ending,socialite,21,1,1,84630,84630,84630,1,84630,84630,84630
post-ending,socialite,22,1,1,83604,83604,83604,1,83604,83604,83604
post-ending,socialite,23,1,1,83366,83366,83366,1,83366,83366,83366
post-ending,socialite,24,1,1,83669,83669,83669,1,83669,83669,83669
post-ending,socialite,25,1,1,83912,83912,83912,1,83912,83912,83912
post-ending,socialite,26,1,1,83626,83626,83626,1,83626,83626,83626
post-ending,socialite,27,1,1,83168,83168,83168,1,83168,83168,83168
post-ending,socialite,28,1,1,83016,83016,83016,1,83016,83016,83016
post-ending,socialite,29,1,1,183004,183004,183004,1,183004,183004,183004
post-ending,socialite,30,1,1,182073,182073,182073,1,182073,182073,182073
post-ending,socialite,31,1,1,181939,181939,181939,1,181939,181939,181939
post-ending,socialite,32,1,1,181667,181667,181667,1,181667,181667,181667
post-ending,socialite,33,1,1,181667,181667,181667,1,181667,181667,181667
post-ending,socialite,34,1,1,181649,181649,181649,1,181649,181649,181649
post-ending,socialite,35,1,1,180501,180501,180501,1,180501,180501,180501
post-ending,socialite,36,1,1,180362,180362,180362,1,180362,180362,180362
post-ending,socialite,37,1,1,178312,178312,178312,1,178312,178312,178312
post-ending,socialite,38,1,1,178260,178260,178260,1,178260,178260,178260
post-ending,socialite,39,1,1,177670,177670,177670,1,177670,177670,177670
post-ending,socialite,40,1,1,177533,177533,177533,1,177533,177533,177533
post-ending,socialite,41,1,1,177353,177353,177353,1,177353,177353,177353
post-ending,socialite,42,1,1,177014,177014,177014,1,177014,177014,177014
post-ending,socialite,43,1,1,176920,176920,176920,1,176920,176920,176920
post-ending,socialite,44,1,1,173345,173345,173345,1,173345,173345,173345
post-ending,socialite,45,1,1,173049,173049,173049,1,173049,173049,173049
post-ending,socialite,46,1,1,172735,172735,172735,1,172735,172735,172735
post-ending,socialite,47,1,1,172493,172493,172493,1,172493,172493,172493
post-ending,socialite,48,1,1,171510,171510,171510,1,171510,171510,171510
post-ending,socialite,49,1,1,170452,170452,170452,1,170452,170452,170452
post-ending,socialite,50,1,1,170212,170212,170212,1,170212,170212,170212
post-ending,socialite,51,1,1,169927,169927,169927,1,169927,169927,169927
post-ending,socialite,52,1,1,169793,169793,169793,1,169793,169793,169793
post-ending,socialite,53,1,1,169575,169575,169575,1,169575,169575,169575
post-ending,socialite,54,1,1,169403,169403,169403,1,169403,169403,169403
post-ending,socialite,55,1,1,169233,169233,169233,1,169233,169233,169233
post-ending,socialite,56,1,1,76450,76450,76450,1,76450,76450,76450
post-ending,socialite,57,1,1,176226,176226,176226,1,176226,176226,176226
post-ending,socialite,58,1,1,176013,176013,176013,1,176013,176013,176013
post-ending,socialite,59,1,1,175727,175727,175727,1,175727,175727,175727
post-ending,socialite,60,1,1,175867,175867,175867,1,175867,175867,175867
post-ending,socialite,61,1,1,175093,175093,175093,1,175093,175093,175093
post-ending,socialite,62,1,1,174721,174721,174721,1,174721,174721,174721
post-ending,socialite,63,1,1,174575,174575,174575,1,174575,174575,174575
post-ending,socialite,64,1,1,174414,174414,174414,1,174414,174414,174414
post-ending,socialite,65,1,1,172460,172460,172460,1,172460,172460,172460
post-ending,socialite,66,1,1,172147,172147,172147,1,172147,172147,172147
post-ending,socialite,67,1,1,171561,171561,171561,1,171561,171561,171561
post-ending,socialite,68,1,1,171001,171001,171001,1,171001,171001,171001
post-ending,socialite,69,1,1,170862,170862,170862,1,170862,170862,170862
post-ending,socialite,70,1,1,169275,169275,169275,1,169275,169275,169275
post-ending,foodie,1,1,1,99968,99968,99968,1,99968,99968,99968
post-ending,foodie,2,1,1,95692,95692,95692,1,95692,95692,95692
post-ending,foodie,3,1,1,95589,95589,95589,1,95589,95589,95589
post-ending,foodie,4,1,1,95572,95572,95572,1,95572,95572,95572
post-ending,foodie,5,1,1,95536,95536,95536,1,95536,95536,95536
post-ending,foodie,6,1,1,95364,95364,95364,1,95364,95364,95364
post-ending,foodie,7,1,1,95324,95324,95324,1,95324,95324,95324
post-ending,foodie,8,1,1,95286,95286,95286,1,95286,95286,95286
post-ending,foodie,9,1,1,91003,91003,91003,1,91003,91003,91003
post-ending,foodie,10,1,1,90971,90971,90971,1,90971,90971,90971
post-ending,foodie,11,1,1,90895,90895,90895,1,90895,90895,90895
post-ending,foodie,12,1,1,90895,90895,90895,1,90895,90895,90895
post-ending,foodie,13,1,1,90875,90875,90875,1,90875,90875,90875
post-ending,foodie,14,1,1,90807,90807,90807,1,90807,90807,90807
post-ending,foodie,15,1,1,91099,91099,91099,1,91099,91099,91099
post-ending,foodie,16,1,1,91023,91023,91023,1,91023,91023,91023
post-ending,foodie,17,1,1,89065,89065,89065,1,89065,89065,89065
post-ending,foodie,18,1,1,88957,88957,88957,1,88957,88957,88957
post-ending,foodie,19,1,1,88537,88537,88537,1,88537,88537,88537
post-ending,foodie,20,1,1,48537,48537,48537,1,48537,48537,48537
post-ending,foodie,21,1,1,48425,48425,48425,1,48425,48425,48425
post-ending,foodie,22,1,1,48425,48425,48425,1,48425,48425,48425
post-ending,foodie,23,1,1,47929,47929,47929,1,47929,47929,47929
post-ending,foodie,24,1,1,43880,43880,43880,1,43880,43880,43880
post-ending,foodie,25,1,1,43842,43842,43842,1,43842,43842,43842
post-ending,foodie,26,1,1,43842,43842,43842,1,43842,43842,43842
post-ending,foodie,27,1,1,43824,43824,43824,1,43824,43824,43824
post-ending,foodie,28,1,1,43795,43795,43795,1,43795,43795,43795
post-ending,foodie,29,1,1,57481,57481,57481,1,99981,99981,99981
post-ending,foodie,30,1,1,57029,57029,57029,1,99529,99529,99529
post-ending,foodie,31,1,1,57015,57015,57015,1,99515,99515,99515
post-ending,foodie,32,1,1,56977,56977,56977,1,99477,99477,99477
post-ending,foodie,33,1,1,56941,56941,56941,1,99441,99441,99441
post-ending,foodie,34,1,1,56941,56941,56941,1,99441,99441,99441
post-ending,foodie,35,1,1,56925,56925,56925,1,99425,99425,99425
post-ending,foodie,36,1,1,56720,56720,56720,1,99220,99220,99220
post-ending,foodie,37,1,1,54732,54732,54732,1,97232,97232,97232
post-ending,foodie,38,1,1,54674,54674,54674,1,97174,97174,97174
post-ending,foodie,39,1,1,54626,54626,54626,1,97126,97126,97126
post-ending,foodie,40,1,1,54594,54594,54594,1,97094,97094,97094
post-ending,foodie,41,1,1,54456,54456,54456,1,96956,96956,96956
post-ending,foodie,42,1,1,54318,54318,54318,1,96818,96818,96818
post-ending,foodie,43,1,1,54245,54245,54245,1,96745,96745,96745
post-ending,foodie,44,1,1,53735,53735,53735,1,96235,96235,96235
post-ending,foodie,45,1,1,53721,53721,53721,1,96221,96221,96221
post-ending,foodie,46,1,1,53692,53692,53692,1,96192,96192,96192
post-ending,foodie,47,1,1,53660,53660,53660,1,96160,96160,96160
post-ending,foodie,48,1,1,53636,53636,53636,1,96136,96136,96136
post-ending,foodie,49,1,1,53542,53542,53542,1,96042,96042,96042
post-ending,foodie,50,1,1,53404,53404,53404,1,95904,95904,95904
post-ending,foodie,51,1,1,51510,51510,51510,1,94010,94010,94010
post-ending,foodie,52,1,1,51405,51405,51405,1,93905,93905,93905
post-ending,foodie,53,1,1,50407,50407,50407,1,92907,92907,92907
post-ending,foodie,54,1,1,50340,50340,50340,1,92840,92840,92840
post-ending,foodie,55,1,1,50202,50202,50202,1,92702,92702,92702
post-ending,foodie,56,1,1,49294,49294,49294,1,91794,91794,91794
post-ending,foodie,57,1,1,149174,149174,149174,1,191674,191674,191674
post-ending,foodie,58,1,1,149113,149113,149113,1,191613,191613,191613
post-ending,foodie,59,1,1,149028,149028,149028,1,191528,191528,191528
post-ending,foodie,60,1,1,148970,148970,148970,1,191470,191470,191470
post-ending,foodie,61,1,1,148836,148836,148836,1,191336,191336,191336
post-ending,foodie,62,1,1,148822,148822,148822,1,191322,191322,191322
post-ending,foodie,63,1,1,148778,148778,148778,1,191278,191278,191278
post-ending,foodie,64,1,1,148640,148640,148640,1,191140,191140,191140
post-ending,foodie,65,1,1,148608,148608,148608,1,191108,191108,191108
post-ending,foodie,66,1,1,148550,148550,148550,1,191050,191050,191050
post-ending,foodie,67,1,1,148314,148314,148314,1,190814,190814,190814
post-ending,foodie,68,1,1,146076,146076,146076,1,188576,188576,188576
post-ending,foodie,69,1,1,146044,146044,146044,1,188544,188544,188544
post-ending,foodie,70,1,1,145994,145994,145994,1,188494,188494,188494
post-ending,dragon_keeper,1,1,1,99991,99991,99991,1,99991,99991,99991
post-ending,dragon_keeper,2,1,1,99973,99973,99973,1,99973,99973,99973
post-ending,dragon_keeper,3,1,1,99973,99973,99973,1,99973,99973,99973
post-ending,dragon_keeper,4,1,1,95756,95756,95756,1,95756,95756,95756
post-ending,dragon_keeper,5,1,1,95294,95294,95294,1,95294,95294,95294
post-ending,dragon_keeper,6,1,1,95258,95258,95258,1,95258,95258,95258
post-ending,dragon_keeper,7,1,1,95258,95258,95258,1,95258,95258,95258
post-ending,dragon_keeper,8,1,1,95173,95173,95173,1,95173,95173,95173
post-ending,dragon_keeper,9,1,1,95021,95021,95021,1,95021,95021,95021
post-ending,dragon_keeper,10,1,1,94963,94963,94963,1,94963,94963,94963
post-ending,dragon_keeper,11,1,1,94903,94903,94903,1,94903,94903,94903
post-ending,dragon_keeper,12,1,1,94903,94903,94903,1,94903,94903,94903
post-ending,dragon_keeper,13,1,1,95104,95104,95104,1,95104,95104,95104
post-ending,dragon_keeper,14,1,1,94666,94666,94666,1,94666,94666,94666
post-ending,dragon_keeper,15,1,1,94634,94634,94634,1,94634,94634,94634
post-ending,dragon_keeper,16,1,1,94464,94464,94464,1,94464,94464,94464
post-ending,dragon_keeper,17,1,1,94410,94410,94410,1,94410,94410,94410
post-ending,dragon_keeper,18,1,1,94309,94309,94309,1,94309,94309,94309
post-ending,dragon_keeper,19,1,1,94273,94273,94273,1,94273,94273,94273
post-ending,dragon_keeper,20,1,1,94161,94161,94161,1,94161,94161,94161
post-ending,dragon_keeper,21,1,1,94105,94105,94105,1,94105,94105,94105
post-ending,dragon_keeper,22,1,1,94020,94020,94020,1,94020,94020,94020
post-ending,dragon_keeper,23,1,1,93923,93923,93923,1,93923,93923,93923
post-ending,dragon_keeper,24,1,1,93489,93489,93489,1,93489,93489,93489
post-ending,dragon_keeper,25,1,1,93457,93457,93457,1,93457,93457,93457
post-ending,dragon_keeper,26,1,1,93325,93325,93325,1,93325,93325,93325
post-ending,dragon_keeper,27,1,1,92296,92296,92296,1,92296,92296,92296
post-ending,dragon_keeper,28,1,1,92220,92220,92220,1,92220,92220,92220
post-ending,dragon_keeper,29,1,1,102170,102170,102170,1,147170,147170,147170
post-ending,dragon_keeper,30,1,1,99012,99012,99012,1,144012,144012,144012
post-ending,dragon_keeper,31,1,1,98874,98874,98874,1,143874,143874,143874
post-ending,dragon_keeper,32,1,1,98854,98854,98854,1,143854,143854,143854
post-ending,dragon_keeper,33,1,1,98716,98716,98716,1,143716,143716,143716
post-ending,dragon_keeper,34,1,1,98558,98558,98558,1,143558,143558,143558
post-ending,dragon_keeper,35,1,1,98344,98344,98344,1,143344,143344,143344
post-ending,dragon_keeper,36,1,1,96992,96992,96992,1,141992,141992,141992
post-ending,dragon_keeper,37,1,1,96834,96834,96834,1,141834,141834,141834
post-ending,dragon_keeper,38,1,1,94920,94920,94920,1,139920,139920,139920
post-ending,dragon_keeper,39,1,1,94791,94791,94791,1,139791,139791,139791
post-ending,dragon_keeper,40,1,1,94291,94291,94291,1,139291,139291,139291
post-ending,dragon_keeper,41,1,1,94133,94133,94133,1,139133,139133,139133
post-ending,dragon_keeper,42,1,1,93628,93628,93628,1,138628,138628,138628
post-ending,dragon_keeper,43,1,1,93616,93616,93616,1,138616,138616,138616
post-ending,dragon_keeper,44,1,1,89948,89948,89948,1,134948,134948,134948
post-ending,dragon_keeper,45,1,1,89851,89851,89851,1,134851,134851,134851
post-ending,dragon_keeper,46,1,1,86181,86181,86181,1,131181,131181,131181
post-ending,dragon_keeper,47,1,1,86117,86117,86117,1,131117,131117,131117
post-ending,dragon_keeper,48,1,1,86068,86068,86068,1,131068,131068,131068
post-ending,dragon_keeper,49,1,1,86038,86038,86038,1,131038,131038,131038
post-ending,dragon_keeper,50,1,1,86008,86008,86008,1,131008,131008,131008
post-ending,dragon_keeper,51,1,1,85967,85967,85967,1,130967,130967,130967
post-ending,dragon_keeper,52,1,1,85780,85780,85780,1,130780,130780,130780
post-ending,dragon_keeper,53,1,1,85736,85736,85736,1,130736,130736,130736
post-ending,dragon_keeper,54,1,1,85677,85677,85677,1,130677,130677,130677
post-ending,dragon_keeper,55,1,1,85227,85227,85227,1,130227,130227,130227
post-ending,dragon_keeper,56,1,1,85026,85026,85026,1,130026,130026,130026
post-ending,dragon_keeper,57,1,1,99987,99987,99987,1,187487,187487,187487
post-ending,dragon_keeper,58,1,1,96145,96145,96145,1,183645,183645,183645
post-ending,dragon_keeper,59,1,1,96095,96095,96095,1,183595,183595,183595
post-ending,dragon_keeper,60,1,1,95963,95963,95963,1,183463,183463,183463
post-ending,dragon_keeper,61,1,1,95802,95802,95802,1,183302,183302,183302
post-ending,dragon_keeper,62,1,1,95761,95761,95761,1,183261,183261,183261
post-ending,dragon_keeper,63,1,1,95691,95691,95691,1,183191,183191,183191
post-ending,dragon_keeper,64,1,1,95619,95619,95619,1,183119,183119,183119
post-ending,dragon_keeper,65,1,1,95433,95433,95433,1,182933,182933,182933
post-ending,dragon_keeper,66,1,1,95298,95298,95298,1,182798,182798,182798
post-ending,dragon_keeper,67,1,1,95234,95234,95234,1,182734,182734,182734
post-ending,dragon_keeper,68,1,1,95180,95180,95180,1,182680,182680,182680
post-ending,dragon_keeper,69,1,1,95092,95092,95092,1,182592,182592,182592
post-ending,dragon_keeper,70,1,1,94124,94124,94124,1,181624,181624,181624
post-ending,combatant,1,1,1,39973,39973,39973,1,69973,69973,69973
post-ending,combatant,2,1,1,38975,38975,38975,1,68975,68975,68975
post-ending,combatant,3,1,1,38814,38814,38814,1,68814,68814,68814
post-ending,combatant,4,1,1,38685,38685,38685,1,68685,68685,68685
post-ending,combatant,5,1,1,38562,38562,38562,1,68562,68562,68562
post-ending,combatant,6,1,1,38504,38504,38504,1,68504,68504,68504
post-ending,combatant,7,1,1,38468,38468,38468,1,68468,68468,68468
post-ending,combatant,8,1,1,44468,44468,44468,1,74468,74468,74468
post-ending,combatant,9,1,1,44468,44468,44468,1,74468,74468,74468
post-ending,combatant,10,1,1,47348,47348,47348,1,77348,77348,77348
post-ending,combatant,11,1,1,43019,43019,43019,1,73019,73019,73019
post-ending,combatant,12,1,1,43019,43019,43019,1,73019,73019,73019
post-ending,combatant,13,1,1,43259,43259,43259,1,73259,73259,73259
post-ending,combatant,14,1,1,43121,43121,43121,1,73121,73121,73121
post-ending,combatant,15,1,1,43089,43089,43089,1,73089,73089,73089
post-ending,combatant,16,1,1,43041,43041,43041,1,73041,73041,73041
post-ending,combatant,17,1,1,42831,42831,42831,1,72831,72831,72831
post-ending,combatant,18,1,1,42768,42768,42768,1,72768,72768,72768
post-ending,combatant,19,1,1,18113,18113,18113,1,48113,48113,48113
post-ending,combatant,20,1,1,18037,18037,18037,1,48037,48037,48037
post-ending,combatant,21,1,1,18217,18217,18217,1,48217,48217,48217
post-ending,combatant,22,1,1,16879,16879,16879,1,46879,46879,46879
post-ending,combatant,23,1,1,17101,17101,17101,1,47101,47101,47101
post-ending,combatant,24,1,1,16972,16972,16972,1,46972,46972,46972
post-ending,combatant,25,1,1,16873,16873,16873,1,46873,46873,46873
post-ending,combatant,26,1,1,12935,12935,12935,1,42935,42935,42935
post-ending,combatant,27,1,1,13263,13263,13263,1,43263,43263,43263
post-ending,combatant,28,1,1,13548,13548,13548,1,43548,43548,43548
post-ending,combatant,29,1,1,53849,53849,53849,1,83849,83849,83849
post-ending,combatant,30,1,1,53691,53691,53691,1,83691,83691,83691
post-ending,combatant,31,1,1,53235,53235,53235,1,83235,83235,83235
post-ending,combatant,32,1,1,53430,53430,53430,1,83430,83430,83430
post-ending,combatant,33,1,1,53430,53430,53430,1,83430,83430,83430
post-ending,combatant,34,1,1,53398,53398,53398,1,83398,83398,83398
post-ending,combatant,35,1,1,48482,48482,48482,1,78482,78482,78482
post-ending,combatant,36,1,1,48356,48356,48356,1,78356,78356,78356
post-ending,combatant,37,1,1,48233,48233,48233,1,78233,78233,78233
post-ending,combatant,38,1,1,48147,48147,48147,1,78147,78147,78147
post-ending,combatant,39,1,1,48392,48392,48392,1,78392,78392,78392
post-ending,combatant,40,1,1,45336,45336,45336,1,75336,75336,75336
post-ending,combatant,41,1,1,44478,44478,44478,1,74478,74478,74478
post-ending,combatant,42,1,1,44273,44273,44273,1,74273,74273,74273
post-ending,combatant,43,1,1,44179,44179,44179,1,74179,74179,74179
post-ending,combatant,44,1,1,44165,44165,44165,1,74165,74165,74165
post-ending,combatant,45,1,1,44053,44053,44053,1,74053,74053,74053
post-ending,combatant,46,1,1,43947,43947,43947,1,73947,73947,73947
post-ending,combatant,47,1,1,44102,44102,44102,1,74102,74102,74102
post-ending,combatant,48,1,1,44044,44044,44044,1,74044,74044,74044
post-ending,combatant,49,1,1,43881,43881,43881,1,73881,73881,73881
post-ending,combatant,50,1,1,44216,44216,44216,1,74216,74216,74216
post-ending,combatant,51,1,1,44160,44160,44160,1,74160,74160,74160
post-ending,combatant,52,1,1,44084,44084,44084,1,74084,74084,74084
post-ending,combatant,53,1,1,44008,44008,44008,1,74008,74008,74008
post-ending,combatant,54,1,1,43785,43785,43785,1,73785,73785,73785
post-ending,combatant,55,1,1,43709,43709,43709,1,73709,73709,73709
post-ending,combatant,56,1,1,43615,43615,43615,1,73615,73615,73615
post-ending,combatant,57,1,1,68492,68492,68492,1,135992,135992,135992
post-ending,combatant,58,1,1,67994,67994,67994,1,135494,135494,135494
post-ending,combatant,59,1,1,67946,67946,67946,1,135446,135446,135446
post-ending,combatant,60,1,1,67741,67741,67741,1,135241,135241,135241
post-ending,combatant,61,1,1,67721,67721,67721,1,135221,135221,135221
post-ending,combatant,62,1,1,67589,67589,67589,1,135089,135089,135089
post-ending,combatant,63,1,1,66311,66311,66311,1,133811,133811,133811
post-ending,combatant,64,1,1,66217,66217,66217,1,133717,133717,133717
post-ending,combatant,65,1,1,66179,66179,66179,1,133679,133679,133679
post-ending,combatant,66,1,1,66103,66103,66103,1,133603,133603,133603
post-ending,combatant,67,1,1,65930,65930,65930,1,133430,133430,133430
post-ending,combatant,68,1,1,65791,65791,65791,1,133291,133291,133291
post-ending,combatant,69,1,1,65677,65677,65677,1,133177,133177,133177
post-ending,combatant,70,1,1,65648,65648,65648,1,133148,133148,133148
post-ending,romantic,1,1,1,99868,99868,99868,1,99868,99868,99868
post-ending,romantic,2,1,1,99342,99342,99342,1,99342,99342,99342
post-ending,romantic,3,1,1,98667,98667,98667,1,98667,98667,98667
post-ending,romantic,4,1,1,97653,97653,97653,1,97653,97653,97653
post-ending,romantic,5,1,1,97650,97650,97650,1,97650,97650,97650
post-ending,romantic,6,1,1,97632,97632,97632,1,97632,97632,97632
post-ending,romantic,7,1,1,97523,97523,97523,1,97523,97523,97523
post-ending,romantic,8,1,1,95023,95023,95023,1,95023,95023,95023
post-ending,romantic,9,1,1,94860,94860,94860,1,94860,94860,94860
post-ending,romantic,10,1,1,94703,94703,94703,1,94703,94703,94703
post-ending,romantic,11,1,1,94760,94760,94760,1,94760,94760,94760
post-ending,romantic,12,1,1,100760,100760,100760,1,100760,100760,100760
post-ending,romantic,13,1,1,80500,80500,80500,1,80500,80500,80500
post-ending,romantic,14,1,1,80246,80246,80246,1,80246,80246,80246
post-ending,romantic,15,1,1,80107,80107,80107,1,80107,80107,80107
post-ending,romantic,16,1,1,79436,79436,79436,1,79436,79436,79436
post-ending,romantic,17,1,1,79253,79253,79253,1,79253,79253,79253
post-ending,romantic,18,1,1,77878,77878,77878,1,77878,77878,77878
post-ending,romantic,19,1,1,76771,76771,76771,1,76771,76771,76771
post-ending,romantic,20,1,1,76583,76583,76583,1,76583,76583,76583
post-ending,romantic,21,1,1,76320,76320,76320,1,76320,76320,76320
post-ending,romantic,22,1,1,76243,76243,76243,1,76243,76243,76243
post-ending,romantic,23,1,1,76039,76039,76039,1,76039,76039,76039
post-ending,romantic,24,1,1,75888,75888,75888,1,75888,75888,75888
post-ending,romantic,25,1,1,75728,75728,75728,1,75728,75728,75728
post-ending,romantic,26,1,1,75636,75636,75636,1,75636,75636,75636
post-ending,romantic,27,1,1,73544,73544,73544,1,73544,73544,73544
post-ending,romantic,28,1,1,73478,73478,73478,1,73478,73478,73478
post-ending,romantic,29,1,1,63372,63372,63372,1,118372,118372,118372
post-ending,romantic,30,1,1,63220,63220,63220,1,118220,118220,118220
post-ending,romantic,31,1,1,62930,62930,62930,1,117930,117930,117930
post-ending,romantic,32,1,1,62670,62670,62670,1,117670,117670,117670
post-ending,romantic,33,1,1,62202,62202,62202,1,117202,117202,117202
post-ending,romantic,34,1,1,62022,62022,62022,1,117022,117022,117022
post-ending,romantic,35,1,1,62022,62022,62022,1,117022,117022,117022
post-ending,romantic,36,1,1,61908,61908,61908,1,116908,116908,116908
post-ending,romantic,37,1,1,61820,61820,61820,1,116820,116820,116820
post-ending,romantic,38,1,1,59801,59801,59801,1,114801,114801,114801
post-ending,romantic,39,1,1,59544,59544,59544,1,114544,114544,114544
post-ending,romantic,40,1,1,59357,59357,59357,1,114357,114357,114357
post-ending,romantic,41,1,1,59185,59185,59185,1,114185,114185,114185
post-ending,romantic,42,1,1,58100,58100,58100,1,113100,113100,113100
post-ending,romantic,43,1,1,57814,57814,57814,1,112814,112814,112814
post-ending,romantic,44,1,1,53688,53688,53688,1,108688,108688,108688
post-ending,romantic,45,1,1,53534,53534,53534,1,108534,108534,108534
post-ending,romantic,46,1,1,52953,52953,52953,1,107953,107953,107953
post-ending,romantic,47,1,1,52849,52849,52849,1,107849,107849,107849
post-ending,romantic,48,1,1,52550,52550,52550,1,107550,107550,107550
post-ending,romantic,49,1,1,52252,52252,52252,1,107252,107252,107252
post-ending,romantic,50,1,1,51783,51783,51783,1,106783,106783,106783
post-ending,romantic,51,1,1,51507,51507,51507,1,106507,106507,106507
post-ending,romantic,52,1,1,51282,51282,51282,1,106282,106282,106282
post-ending,romantic,53,1,1,51139,51139,51139,1,106139,106139,106139
post-ending,romantic,54,1,1,49963,49963,49963,1,104963,104963,104963
post-ending,romantic,55,1,1,49795,49795,49795,1,104795,104795,104795
post-ending,romantic,56,1,1,46138,46138,46138,1,101138,101138,101138
post-ending,romantic,57,1,1,60922,60922,60922,1,158422,158422,158422
post-ending,romantic,58,1,1,60451,60451,60451,1,157951,157951,157951
post-ending,romantic,59,1,1,60223,60223,60223,1,157723,157723,157723
post-ending,romantic,60,1,1,59998,59998,59998,1,157498,157498,157498
post-ending,romantic,61,1,1,59766,59766,59766,1,157266,157266,157266
post-ending,romantic,62,1,1,59546,59546,59546,1,157046,157046,157046
post-ending,romantic,63,1,1,59318,59318,59318,1,156818,156818,156818
post-ending,romantic,64,1,1,59170,59170,59170,1,156670,156670,156670
post-ending,romantic,65,1,1,59011,59011,59011,1,156511,156511,156511
post-ending,romantic,66,1,1,58712,58712,58712,1,156212,156212,156212
post-ending,romantic,67,1,1,54790,54790,54790,1,152290,152290,152290
post-ending,romantic,68,1,1,50988,50988,50988,1,148488,148488,148488
post-ending,romantic,69,1,1,50894,50894,50894,1,148394,148394,148394
post-ending,romantic,70,1,1,50733,50733,50733,1,148233,148233,148233
post-ending,explorer,1,1,1,21982,21982,21982,1,99982,99982,99982
post-ending,explorer,2,1,1,17986,17986,17986,1,95986,95986,95986
post-ending,explorer,3,1,1,17416,17416,17416,1,95416,95416,95416
post-ending,explorer,4,1,1,17622,17622,17622,1,95622,95622,95622
post-ending,explorer,5,1,1,17619,17619,17619,1,95619,95619,95619
post-ending,explorer,6,1,1,17629,17629,17629,1,95629,95629,95629
post-ending,explorer,7,1,1,16425,16425,16425,1,94425,94425,94425
post-ending,explorer,8,1,1,20449,20449,20449,1,98449,98449,98449
post-ending,explorer,9,1,1,20263,20263,20263,1,98263,98263,98263
post-ending,explorer,10,1,1,23145,23145,23145,1,101145,101145,101145
post-ending,explorer,11,1,1,23322,23322,23322,1,101322,101322,101322
post-ending,explorer,12,1,1,26322,26322,26322,1,104322,104322,104322
post-ending,explorer,13,1,1,26460,26460,26460,1,104460,104460,104460
post-ending,explorer,14,1,1,29773,29773,29773,1,107773,107773,107773
post-ending,explorer,15,1,1,28239,28239,28239,1,106239,106239,106239
post-ending,explorer,16,1,1,28307,28307,28307,1,106307,106307,106307
post-ending,explorer,17,1,1,28072,28072,28072,1,106072,106072,106072
post-ending,explorer,18,1,1,28191,28191,28191,1,106191,106191,106191
post-ending,explorer,19,1,1,29737,29737,29737,1,107737,107737,107737
post-ending,explorer,20,1,1,25703,25703,25703,1,103703,103703,103703
post-ending,explorer,21,1,1,25151,25151,25151,1,103151,103151,103151
post-ending,explorer,22,1,1,25323,25323,25323,1,103323,103323,103323
post-ending,explorer,23,1,1,24652,24652,24652,1,102652,102652,102652
post-ending,explorer,24,1,1,31602,31602,31602,1,109602,109602,109602
post-ending,explorer,25,1,1,51239,51239,51239,1,129239,129239,129239
post-ending,explorer,26,1,1,51474,51474,51474,1,129474,129474,129474
post-ending,explorer,27,1,1,32067,32067,32067,1,110067,110067,110067
post-ending,explorer,28,1,1,31081,31081,31081,1,109081,109081,109081
post-ending,explorer,29,1,1,91203,91203,91203,1,189203,189203,189203
post-ending,explorer,30,1,1,90998,90998,90998,1,188998,188998,188998
post-ending,explorer,31,1,1,90998,90998,90998,1,188998,188998,188998
post-ending,explorer,32,1,1,30864,30864,30864,1,166364,166364,166364
post-ending,explorer,33,1,1,39840,39840,39840,1,175340,175340,175340
post-ending,explorer,34,1,1,39779,39779,39779,1,175279,175279,175279
post-ending,explorer,35,1,1,39716,39716,39716,1,175216,175216,175216
post-ending,explorer,36,1,1,39919,39919,39919,1,175419,175419,175419
post-ending,explorer,37,1,1,40180,40180,40180,1,175680,175680,175680
post-ending,explorer,38,1,1,40005,40005,40005,1,175505,175505,175505
post-ending,explorer,39,1,1,54952,54952,54952,1,190452,190452,190452
post-ending,explorer,40,1,1,54374,54374,54374,1,189874,189874,189874
post-ending,explorer,41,1,1,54583,54583,54583,1,190083,190083,190083
post-ending,explorer,42,1,1,54435,54435,54435,1,189935,189935,189935
post-ending,explorer,43,1,1,54668,54668,54668,1,190168,190168,190168
post-ending,explorer,44,1,1,54504,54504,54504,1,190004,190004,190004
post-ending,explorer,45,1,1,54334,54334,54334,1,189834,189834,189834
post-ending,explorer,46,1,1,68994,68994,68994,1,204494,204494,204494
post-ending,explorer,47,1,1,68863,68863,68863,1,204363,204363,204363
post-ending,explorer,48,1,1,68648,68648,68648,1,204148,204148,204148
post-ending,explorer,49,1,1,70611,70611,70611,1,206111,206111,206111
post-ending,explorer,50,1,1,70355,70355,70355,1,205855,205855,205855
post-ending,explorer,51,1,1,70191,70191,70191,1,205691,205691,205691
post-ending,explorer,52,1,1,71362,71362,71362,1,206862,206862,206862
post-ending,explorer,53,1,1,86250,86250,86250,1,221750,221750,221750
post-ending,explorer,54,1,1,84587,84587,84587,1,220087,220087,220087
post-ending,explorer,55,1,1,91134,91134,91134,1,226634,226634,226634
post-ending,explorer,56,1,1,91385,91385,91385,1,226885,226885,226885
post-ending,explorer,57,1,1,106753,106753,106753,1,287253,287253,287253
post-ending,explorer,58,1,1,106489,106489,106489,1,286989,286989,286989
post-ending,explorer,59,1,1,113260,113260,113260,1,293760,293760,293760
post-ending,explorer,60,1,1,128126,128126,128126,1,308626,308626,308626
post-ending,explorer,61,1,1,126507,126507,126507,1,307007,307007,307007
post-ending,explorer,62,1,1,133337,133337,133337,1,313837,313837,313837
post-ending,explorer,63,1,1,133158,133158,133158,1,313658,313658,313658
post-ending,explorer,64,1,1,138781,138781,138781,1,319281,319281,319281
post-ending,explorer,65,1,1,146370,146370,146370,1,326870,326870,326870
post-ending,explorer,66,1,1,155936,155936,155936,1,336436,336436,336436
post-ending,explorer,67,1,1,170734,170734,170734,1,351234,351234,351234
post-ending,explorer,68,1,1,26477,26477,26477,1,206977,206977,206977
post-ending,explorer,69,1,1,26290,26290,26290,1,206790,206790,206790
post-ending,explorer,70,1,1,32894,32894,32894,1,213394,213394,213394
post-ending,hoarder,1,1,1,100000,100000,100000,1,100000,100000,100000
post-ending,hoarder,2,1,1,99962,99962,99962,1,99962,99962,99962
post-ending,hoarder,3,1,1,99959,99959,99959,1,99959,99959,99959
post-ending,hoarder,4,1,1,99950,99950,99950,1,99950,99950,99950
post-ending,hoarder,5,1,1,99950,99950,99950,1,99950,99950,99950
post-ending,hoarder,6,1,1,99950,99950,99950,1,99950,99950,99950
post-ending,hoarder,7,1,1,99950,99950,99950,1,99950,99950,99950
post-ending,hoarder,8,1,1,99950,99950,99950,1,99950,99950,99950
post-ending,hoarder,9,1,1,99950,99950,99950,1,99950,99950,99950
post-ending,hoarder,10,1,1,105950,105950,105950,1,105950,105950,105950
post-ending,hoarder,11,1,1,81750,81750,81750,1,81750,81750,81750
post-ending,hoarder,12,1,1,81750,81750,81750,1,81750,81750,81750
post-ending,hoarder,13,1,1,81750,81750,81750,1,81750,81750,81750
post-ending,hoarder,14,1,1,82110,82110,82110,1,82110,82110,82110
post-ending,hoarder,15,1,1,82110,82110,82110,1,82110,82110,82110
post-ending,hoarder,16,1,1,82025,82025,82025,1,82025,82025,82025
post-ending,hoarder,17,1,1,82025,82025,82025,1,82025,82025,82025
post-ending,hoarder,18,1,1,81987,81987,81987,1,81987,81987,81987
post-ending,hoarder,19,1,1,81987,81987,81987,1,81987,81987,81987
post-ending,hoarder,20,1,1,81973,81973,81973,1,81973,81973,81973
post-ending,hoarder,21,1,1,81964,81964,81964,1,81964,81964,81964
post-ending,hoarder,22,1,1,81926,81926,81926,1,81926,81926,81926
post-ending,hoarder,23,1,1,81926,81926,81926,1,81926,81926,81926
post-ending,hoarder,24,1,1,81917,81917,81917,1,81917,81917,81917
post-ending,hoarder,25,1,1,81832,81832,81832,1,81832,81832,81832
post-ending,hoarder,26,1,1,81832,81832,81832,1,81832,81832,81832
post-ending,hoarder,27,1,1,81794,81794,81794,1,81794,81794,81794
post-ending,hoarder,28,1,1,81794,81794,81794,1,81794,81794,81794
post-ending,hoarder,29,1,1,181794,181794,181794,1,181794,181794,181794
post-ending,hoarder,30,1,1,181780,181780,181780,1,181780,181780,181780
post-ending,hoarder,31,1,1,181766,181766,181766,1,181766,181766,181766
post-ending,hoarder,32,1,1,181766,181766,181766,1,181766,181766,181766
post-ending,hoarder,33,1,1,181766,181766,181766,1,181766,181766,181766
post-ending,hoarder,34,1,1,181728,181728,181728,1,181728,181728,181728
post-ending,hoarder,35,1,1,181728,181728,181728,1,181728,181728,181728
post-ending,hoarder,36,1,1,181643,181643,181643,1,181643,181643,181643
post-ending,hoarder,37,1,1,181634,181634,181634,1,181634,181634,181634
post-ending,hoarder,38,1,1,181634,181634,181634,1,181634,181634,181634
post-ending,hoarder,39,1,1,181620,181620,181620,1,181620,181620,181620
post-ending,hoarder,40,1,1,181606,181606,181606,1,181606,181606,181606
post-ending,hoarder,41,1,1,181568,181568,181568,1,181568,181568,181568
post-ending,hoarder,42,1,1,181568,181568,181568,1,181568,181568,181568
post-ending,hoarder,43,1,1,181559,181559,181559,1,181559,181559,181559
post-ending,hoarder,44,1,1,181559,181559,181559,1,181559,181559,181559
post-ending,hoarder,45,1,1,181483,181483,181483,1,181483,181483,181483
post-ending,hoarder,46,1,1,181469,181469,181469,1,181469,181469,181469
post-ending,hoarder,47,1,1,181469,181469,181469,1,181469,181469,181469
post-ending,hoarder,48,1,1,181469,181469,181469,1,181469,181469,181469
post-ending,hoarder,49,1,1,181469,181469,181469,1,181469,181469,181469
post-ending,hoarder,50,1,1,181460,181460,181460,1,181460,181460,181460
post-ending,hoarder,51,1,1,181375,181375,181375,1,181375,181375,181375
post-ending,hoarder,52,1,1,181337,181337,181337,1,181337,181337,181337
post-ending,hoarder,53,1,1,181323,181323,181323,1,181323,181323,181323
post-ending,hoarder,54,1,1,181309,181309,181309,1,181309,181309,181309
post-ending,hoarder,55,1,1,181300,181300,181300,1,181300,181300,181300
post-ending,hoarder,56,1,1,181300,181300,181300,1,181300,181300,181300
post-ending,hoarder,57,1,1,281262,281262,281262,1,281262,281262,281262
post-ending,hoarder,58,1,1,281224,281224,281224,1,281224,281224,281224
post-ending,hoarder,59,1,1,281224,281224,281224,1,281224,281224,281224
post-ending,hoarder,60,1,1,281215,281215,281215,1,281215,281215,281215
post-ending,hoarder,61,1,1,281139,281139,281139,1,281139,281139,281139
post-ending,hoarder,62,1,1,281139,281139,281139,1,281139,281139,281139
post-ending,hoarder,63,1,1,281139,281139,281139,1,281139,281139,281139
post-ending,hoarder,64,1,1,281125,281125,281125,1,281125,281125,281125
post-ending,hoarder,65,1,1,281116,281116,281116,1,281116,281116,281116
post-ending,hoarder,66,1,1,281116,281116,281116,1,281116,281116,281116
post-ending,hoarder,67,1,1,281031,281031,281031,1,281031,281031,281031
post-ending,hoarder,68,1,1,281017,281017,281017,1,281017,281017,281017
post-ending,hoarder,69,1,1,281003,281003,281003,1,281003,281003,281003
post-ending,hoarder,70,1,1,280994,280994,280994,1,280994,280994,280994
