label,persona,seed,person,highestLevel,dates,firstCloseDay,firstRideDay
post-ending,homebody,1,ceo_assistant_001,4,6,37,45
post-ending,homebody,1,bllad33,1,0,,
post-ending,homebody,1,ogun,1,0,,
post-ending,homebody,1,coffe,1,0,,
post-ending,homebody,1,kaede,3,6,29,
post-ending,homebody,1,june,3,5,30,
post-ending,homebody,1,velvet,3,5,45,
post-ending,homebody,1,ms_patrice,3,5,35,
post-ending,homebody,1,kiki,3,5,47,
post-ending,homebody,1,lil_smack,1,0,,
post-ending,homebody,1,reggie,1,0,,
post-ending,homebody,1,okada,1,0,,
post-ending,homebody,1,hina,3,5,48,
post-ending,homebody,1,wispa,3,5,64,
post-ending,homebody,1,uncle_sunday,1,0,,
post-ending,homebody,1,tasha,3,5,53,
post-ending,homebody,1,tristan,2,0,,
post-ending,homebody,1,iron_jaw,1,0,,
post-ending,homebody,1,phil,1,0,,
post-ending,homebody,1,bunmi,3,5,66,
post-ending,homebody,1,don_chuy,1,0,,
post-ending,homebody,1,emberly,3,5,67,
post-ending,homebody,1,brenda,3,5,56,
post-ending,homebody,1,mazda_human,3,5,57,
post-ending,homebody,1,bruce_loose,1,0,,
post-ending,party,1,ceo_assistant_001,4,10,36,54
post-ending,party,1,bruce_loose,1,0,,
post-ending,party,1,rookoko,1,0,,
post-ending,party,1,bllad33,1,0,,
post-ending,party,1,ogun,1,0,,
post-ending,party,1,coffe,1,0,,
post-ending,party,1,velvet,4,9,38,59
post-ending,party,1,tasha,4,9,29,59
post-ending,party,1,lo,3,9,29,
post-ending,party,1,brenda,4,9,30,46
post-ending,party,1,anfeesa,3,9,54,
post-ending,party,1,kiki,4,9,32,47
post-ending,party,1,reggie,1,0,,
post-ending,party,1,okada,1,0,,
post-ending,party,1,hina,4,9,41,69
post-ending,party,1,tristan,2,0,,
post-ending,party,1,wispa,3,9,55,
post-ending,party,1,moonie,4,9,42,63
post-ending,party,1,ms_patrice,4,8,42,63
post-ending,party,1,kaede,4,8,26,43
post-ending,party,1,uncle_sunday,1,0,,
post-ending,party,1,bunmi,4,8,27,64
post-ending,party,1,june,3,8,27,
post-ending,party,1,phil,1,0,,
post-ending,party,1,lil_smack,1,0,,
post-ending,party,1,iron_jaw,1,0,,
post-ending,party,1,don_chuy,1,0,,
post-ending,party,1,nightshade,4,8,44,65
post-ending,party,1,duchess,2,1,,
post-ending,landlord,1,ceo_assistant_001,4,9,41,59
post-ending,landlord,1,okada,1,0,,
post-ending,landlord,1,hina,3,6,39,
post-ending,landlord,1,bllad33,1,0,,
post-ending,landlord,1,ogun,1,0,,
post-ending,landlord,1,coffe,1,0,,
post-ending,landlord,1,brenda,3,6,62,
post-ending,landlord,1,june,4,6,10,41
post-ending,landlord,1,kiki,3,6,42,
post-ending,landlord,1,tristan,2,0,,
post-ending,landlord,1,pinky,3,6,43,
post-ending,landlord,1,velvet,3,6,55,
post-ending,landlord,1,wispa,3,6,45,
post-ending,landlord,1,kaede,3,6,34,
post-ending,landlord,1,tasha,3,6,58,
post-ending,landlord,1,lil_smack,1,0,,
post-ending,landlord,1,iron_jaw,1,0,,
post-ending,landlord,1,reggie,1,0,,
post-ending,landlord,1,bunmi,3,6,36,
post-ending,landlord,1,uncle_sunday,1,0,,
post-ending,landlord,1,shannon_001,1,0,,
post-ending,landlord,1,emberly,2,5,,
post-ending,landlord,1,don_chuy,1,0,,
post-ending,landlord,1,bruce_loose,1,0,,
post-ending,weirdo,1,ceo_assistant_001,4,9,29,48
post-ending,weirdo,1,reggie,1,0,,
post-ending,weirdo,1,nightshade,3,5,30,
post-ending,weirdo,1,bllad33,2,0,,
post-ending,weirdo,1,ogun,1,0,,
post-ending,weirdo,1,coffe,1,0,,
post-ending,weirdo,1,uncle_sunday,1,0,,
post-ending,weirdo,1,emberly,3,5,32,
post-ending,weirdo,1,june,3,5,33,
post-ending,weirdo,1,wispa,3,5,34,
post-ending,weirdo,1,velvet,3,5,35,
post-ending,weirdo,1,rookoko,1,0,,
post-ending,weirdo,1,kiki,3,5,21,
post-ending,weirdo,1,brenda,3,5,37,
post-ending,weirdo,1,tristan,2,0,,
post-ending,weirdo,1,lil_smack,1,0,,
post-ending,weirdo,1,okada,1,0,,
post-ending,weirdo,1,hina,3,5,38,
post-ending,weirdo,1,ms_patrice,3,5,39,
post-ending,weirdo,1,don_chuy,1,0,,
post-ending,weirdo,1,kaede,3,5,40,
post-ending,weirdo,1,tasha,3,5,53,
post-ending,weirdo,1,phil,1,0,,
post-ending,weirdo,1,iron_jaw,1,0,,
post-ending,weirdo,1,bunmi,3,5,42,
post-ending,weirdo,1,bruce_loose,1,0,,
post-ending,weirdo,1,deacon_brass,1,0,,
post-ending,weirdo,1,mazda_human,3,4,64,
post-ending,trap_committed,1,ceo_assistant_001,4,8,44,62
post-ending,trap_committed,1,okada,1,0,,
post-ending,trap_committed,1,hina,3,4,54,
post-ending,trap_committed,1,brenda,3,4,42,
post-ending,trap_committed,1,rookoko,1,0,,
post-ending,trap_committed,1,bllad33,1,0,,
post-ending,trap_committed,1,ogun,1,0,,
post-ending,trap_committed,1,coffe,1,0,,
post-ending,trap_committed,1,velvet,3,4,34,
post-ending,trap_committed,1,lo,3,4,61,
post-ending,trap_committed,1,ms_patrice,3,4,46,
post-ending,trap_committed,1,anfeesa,3,4,47,
post-ending,trap_committed,1,june,3,4,48,
post-ending,trap_committed,1,tristan,2,0,,
post-ending,trap_committed,1,pinky,3,4,65,
post-ending,trap_committed,1,kiki,3,4,36,
post-ending,trap_committed,1,reggie,1,0,,
post-ending,trap_committed,1,tasha,2,4,,
post-ending,trap_committed,1,kaede,3,4,69,
post-ending,trap_committed,1,lil_smack,1,0,,
post-ending,trap_committed,1,bunmi,3,4,70,
post-ending,trap_committed,1,wispa,2,3,,
post-ending,trap_committed,1,iron_jaw,1,0,,
post-ending,trap_committed,1,emberly,2,3,,
post-ending,trap_committed,1,don_chuy,1,0,,
post-ending,trap_committed,1,nightshade,2,3,,
post-ending,trap_committed,1,bonesworth,1,0,,
post-ending,trap_committed,1,bruce_loose,1,0,,
post-ending,trap_careful,1,ceo_assistant_001,4,9,42,69
post-ending,trap_careful,1,okada,1,0,,
post-ending,trap_careful,1,hina,3,5,52,
post-ending,trap_careful,1,ms_patrice,3,5,22,
post-ending,trap_careful,1,bllad33,1,0,,
post-ending,trap_careful,1,ogun,1,0,,
post-ending,trap_careful,1,coffe,1,0,,
post-ending,trap_careful,1,brenda,3,5,39,
post-ending,trap_careful,1,velvet,2,4,,
post-ending,trap_careful,1,lo,3,4,56,
post-ending,trap_careful,1,rookoko,1,0,,
post-ending,trap_careful,1,lil_smack,1,0,,
post-ending,trap_careful,1,anfeesa,2,4,,
post-ending,trap_careful,1,kiki,2,4,,
post-ending,trap_careful,1,tristan,2,0,,
post-ending,trap_careful,1,pinky,2,4,,
post-ending,trap_careful,1,wispa,2,4,,
post-ending,trap_careful,1,reggie,1,0,,
post-ending,trap_careful,1,kaede,3,4,62,
post-ending,trap_careful,1,bunmi,2,4,,
post-ending,trap_careful,1,tasha,3,4,64,
post-ending,trap_careful,1,june,3,4,60,
post-ending,trap_careful,1,bruce_loose,1,0,,
post-ending,trap_careful,1,iron_jaw,1,0,,
post-ending,trap_careful,1,don_chuy,1,0,,
post-ending,trap_careful,1,bonesworth,1,0,,
post-ending,trap_aggressive,1,ceo_assistant_001,4,9,35,48
post-ending,trap_aggressive,1,okada,1,0,,
post-ending,trap_aggressive,1,hina,3,6,67,
post-ending,trap_aggressive,1,bllad33,1,0,,
post-ending,trap_aggressive,1,ogun,1,0,,
post-ending,trap_aggressive,1,coffe,1,0,,
post-ending,trap_aggressive,1,nightshade,3,6,68,
post-ending,trap_aggressive,1,tasha,3,6,57,
post-ending,trap_aggressive,1,june,3,6,41,
post-ending,trap_aggressive,1,velvet,3,5,59,
post-ending,trap_aggressive,1,rookoko,1,0,,
post-ending,trap_aggressive,1,kiki,3,5,16,
post-ending,trap_aggressive,1,tristan,2,0,,
post-ending,trap_aggressive,1,reggie,1,0,,
post-ending,trap_aggressive,1,pinky,3,5,49,
post-ending,trap_aggressive,1,kaede,3,5,62,
post-ending,trap_aggressive,1,lil_smack,1,0,,
post-ending,trap_aggressive,1,iron_jaw,1,0,,
post-ending,trap_aggressive,1,wispa,2,5,,
post-ending,trap_aggressive,1,ms_patrice,3,5,52,
post-ending,trap_aggressive,1,bunmi,3,5,53,
post-ending,trap_aggressive,1,brenda,3,5,54,
post-ending,trap_aggressive,1,bruce_loose,1,0,,
post-ending,trap_aggressive,1,deacon_brass,1,0,,
post-ending,trap_aggressive,1,don_chuy,1,0,,
post-ending,trap_wholesale,1,ceo_assistant_001,4,9,49,61
post-ending,trap_wholesale,1,rookoko,1,0,,
post-ending,trap_wholesale,1,bllad33,1,0,,
post-ending,trap_wholesale,1,ogun,1,0,,
post-ending,trap_wholesale,1,coffe,1,0,,
post-ending,trap_wholesale,1,velvet,3,6,42,
post-ending,trap_wholesale,1,june,4,6,9,32
post-ending,trap_wholesale,1,okada,1,0,,
post-ending,trap_wholesale,1,hina,3,6,56,
post-ending,trap_wholesale,1,lo,3,6,57,
post-ending,trap_wholesale,1,bruce_loose,1,0,,
post-ending,trap_wholesale,1,kiki,3,6,34,
post-ending,trap_wholesale,1,reggie,1,0,,
post-ending,trap_wholesale,1,tristan,2,0,,
post-ending,trap_wholesale,1,wispa,3,5,47,
post-ending,trap_wholesale,1,pinky,3,5,48,
post-ending,trap_wholesale,1,tasha,3,5,49,
post-ending,trap_wholesale,1,iron_jaw,1,0,,
post-ending,trap_wholesale,1,bunmi,3,5,50,
post-ending,trap_wholesale,1,don_chuy,1,0,,
post-ending,trap_wholesale,1,anfeesa,3,5,51,
post-ending,trap_wholesale,1,brenda,2,5,,
post-ending,trap_wholesale,1,phil,1,0,,
post-ending,trap_wholesale,1,kaede,3,5,53,
post-ending,trap_wholesale,1,lil_smack,1,0,,
post-ending,collector,1,ceo_assistant_001,4,9,42,54
post-ending,collector,1,bllad33,1,0,,
post-ending,collector,1,ogun,1,0,,
post-ending,collector,1,coffe,1,0,,
post-ending,collector,1,june,4,6,8,23
post-ending,collector,1,velvet,3,6,41,
post-ending,collector,1,kaede,3,6,42,
post-ending,collector,1,okada,1,0,,
post-ending,collector,1,hina,3,6,43,
post-ending,collector,1,pinky,3,5,33,
post-ending,collector,1,tristan,2,0,,
post-ending,collector,1,kiki,3,5,48,
post-ending,collector,1,reggie,1,0,,
post-ending,collector,1,tasha,3,5,49,
post-ending,collector,1,iron_jaw,1,0,,
post-ending,collector,1,wispa,2,5,,
post-ending,collector,1,lil_smack,1,0,,
post-ending,collector,1,bruce_loose,1,0,,
post-ending,collector,1,phil,1,0,,
post-ending,collector,1,ms_patrice,3,5,37,
post-ending,collector,1,brenda,3,5,52,
post-ending,collector,1,nightshade,3,5,39,
post-ending,collector,1,don_chuy,1,0,,
post-ending,collector,1,bunmi,3,5,54,
post-ending,musician,1,ceo_assistant_001,4,9,35,53
post-ending,musician,1,kaede,2,6,,
post-ending,musician,1,rookoko,1,0,,
post-ending,musician,1,bllad33,1,0,,
post-ending,musician,1,ogun,1,0,,
post-ending,musician,1,coffe,1,0,,
post-ending,musician,1,bruce_loose,1,0,,
post-ending,musician,1,wispa,3,6,40,
post-ending,musician,1,velvet,3,6,56,
post-ending,musician,1,lo,3,6,69,
post-ending,musician,1,tasha,3,6,58,
post-ending,musician,1,anfeesa,3,5,59,
post-ending,musician,1,kiki,3,5,60,
post-ending,musician,1,reggie,1,0,,
post-ending,musician,1,tristan,2,0,,
post-ending,musician,1,uncle_sunday,1,0,,
post-ending,musician,1,iron_jaw,1,0,,
post-ending,musician,1,lil_smack,1,0,,
post-ending,musician,1,brenda,3,5,35,
post-ending,musician,1,bunmi,3,5,62,
post-ending,musician,1,don_chuy,1,0,,
post-ending,musician,1,phil,1,0,,
post-ending,musician,1,okada,1,0,,
post-ending,musician,1,hina,3,5,51,
post-ending,musician,1,june,3,5,38,
post-ending,musician,1,duchess,3,5,53,
post-ending,drifter,1,ceo_assistant_001,4,9,34,58
post-ending,drifter,1,okada,1,0,,
post-ending,drifter,1,hina,3,4,57,
post-ending,drifter,1,rookoko,1,0,,
post-ending,drifter,1,bllad33,1,0,,
post-ending,drifter,1,ogun,1,0,,
post-ending,drifter,1,coffe,1,0,,
post-ending,drifter,1,bruce_loose,1,0,,
post-ending,drifter,1,lo,2,4,,
post-ending,drifter,1,velvet,2,4,,
post-ending,drifter,1,june,3,4,40,
post-ending,drifter,1,anfeesa,2,4,,
post-ending,drifter,1,wispa,2,4,,
post-ending,drifter,1,reggie,1,0,,
post-ending,drifter,1,kiki,3,4,63,
post-ending,drifter,1,tristan,2,0,,
post-ending,drifter,1,brenda,2,4,,
post-ending,drifter,1,pinky,3,4,65,
post-ending,drifter,1,kaede,3,4,66,
post-ending,drifter,1,tasha,3,4,67,
post-ending,drifter,1,nightshade,2,4,,
post-ending,drifter,1,iron_jaw,1,0,,
post-ending,drifter,1,lil_smack,1,0,,
post-ending,drifter,1,bunmi,3,4,69,
post-ending,drifter,1,don_chuy,1,0,,
post-ending,drifter,1,phil,1,0,,
post-ending,drifter,1,ms_patrice,3,4,48,
post-ending,drifter,1,deacon_brass,1,0,,
post-ending,drifter,1,moonie,2,3,,
post-ending,drifter,1,duchess,2,3,,
post-ending,socialite,1,ceo_assistant_001,4,14,24,41
post-ending,socialite,1,rookoko,1,0,,
post-ending,socialite,1,tasha,4,13,30,47
post-ending,socialite,1,bllad33,1,0,,
post-ending,socialite,1,ogun,1,0,,
post-ending,socialite,1,coffe,1,0,,
post-ending,socialite,1,kaede,4,13,37,52
post-ending,socialite,1,velvet,4,13,14,38
post-ending,socialite,1,lo,4,13,31,43
post-ending,socialite,1,reggie,1,0,,
post-ending,socialite,1,june,4,13,21,35
post-ending,socialite,1,okada,1,0,,
post-ending,socialite,1,hina,4,13,15,39
post-ending,socialite,1,anfeesa,4,13,39,58
post-ending,socialite,1,ms_patrice,4,13,27,35
post-ending,socialite,1,kiki,4,13,22,35
post-ending,socialite,1,wispa,4,13,35,59
post-ending,socialite,1,emberly,4,13,40,55
post-ending,socialite,1,tristan,2,0,,
post-ending,socialite,1,brenda,4,13,28,50
post-ending,socialite,1,nightshade,4,13,41,65
post-ending,socialite,1,lil_smack,1,0,,
post-ending,socialite,1,bunmi,4,13,37,51
post-ending,socialite,1,don_chuy,1,0,,
post-ending,socialite,1,iron_jaw,1,0,,
post-ending,socialite,1,phil,1,0,,
post-ending,socialite,1,bruce_loose,1,0,,
post-ending,socialite,1,deacon_brass,1,0,,
post-ending,foodie,1,ceo_assistant_001,3,7,37,
post-ending,foodie,1,bllad33,1,0,,
post-ending,foodie,1,ogun,1,0,,
post-ending,foodie,1,coffe,1,0,,
post-ending,foodie,1,velvet,3,6,70,
post-ending,foodie,1,june,4,5,47,59
post-ending,foodie,1,brenda,3,5,60,
post-ending,foodie,1,lo,3,5,37,
post-ending,foodie,1,okada,1,0,,
post-ending,foodie,1,hina,3,5,50,
post-ending,foodie,1,kiki,3,5,63,
post-ending,foodie,1,reggie,1,0,,
post-ending,foodie,1,tristan,2,0,,
post-ending,foodie,1,wispa,3,5,52,
post-ending,foodie,1,uncle_sunday,1,0,,
post-ending,foodie,1,lil_smack,1,0,,
post-ending,foodie,1,bruce_loose,1,0,,
post-ending,foodie,1,tasha,3,5,41,
post-ending,foodie,1,bunmi,3,5,54,
post-ending,foodie,1,iron_jaw,1,0,,
post-ending,foodie,1,kaede,3,5,67,
post-ending,foodie,1,phil,1,0,,
post-ending,foodie,1,rookoko,1,0,,
post-ending,foodie,1,ms_patrice,3,5,44,
post-ending,foodie,1,anfeesa,3,5,69,
post-ending,foodie,1,don_chuy,1,0,,
post-ending,dragon_keeper,1,ceo_assistant_001,4,9,26,42
post-ending,dragon_keeper,1,ms_patrice,3,6,14,
post-ending,dragon_keeper,1,bllad33,1,0,,
post-ending,dragon_keeper,1,ogun,1,0,,
post-ending,dragon_keeper,1,coffe,1,0,,
post-ending,dragon_keeper,1,lil_smack,1,0,,
post-ending,dragon_keeper,1,reggie,1,0,,
post-ending,dragon_keeper,1,uncle_sunday,1,0,,
post-ending,dragon_keeper,1,emberly,3,5,44,
post-ending,dragon_keeper,1,kiki,3,5,29,
post-ending,dragon_keeper,1,kaede,3,5,32,
post-ending,dragon_keeper,1,wispa,3,5,33,
post-ending,dragon_keeper,1,tasha,3,5,36,
post-ending,dragon_keeper,1,tristan,2,0,,
post-ending,dragon_keeper,1,iron_jaw,1,0,,
post-ending,dragon_keeper,1,okada,1,0,,
post-ending,dragon_keeper,1,hina,3,5,37,
post-ending,dragon_keeper,1,june,3,5,53,
post-ending,dragon_keeper,1,phil,1,0,,
post-ending,dragon_keeper,1,velvet,3,5,39,
post-ending,dragon_keeper,1,bruce_loose,1,0,,
post-ending,dragon_keeper,1,don_chuy,1,0,,
post-ending,dragon_keeper,1,bunmi,3,5,40,
post-ending,dragon_keeper,1,brenda,3,5,41,
post-ending,dragon_keeper,1,mazda_human,4,5,51,57
post-ending,combatant,1,ceo_assistant_001,3,9,60,
post-ending,combatant,1,okada,1,0,,
post-ending,combatant,1,hina,3,6,64,
post-ending,combatant,1,nightshade,3,6,65,
post-ending,combatant,1,bllad33,1,0,,
post-ending,combatant,1,ogun,1,0,,
post-ending,combatant,1,coffe,1,0,,
post-ending,combatant,1,velvet,2,6,,
post-ending,combatant,1,june,3,6,45,
post-ending,combatant,1,kaede,3,6,68,
post-ending,combatant,1,ms_patrice,3,6,36,
post-ending,combatant,1,lil_smack,1,0,,
post-ending,combatant,1,kiki,3,6,59,
post-ending,combatant,1,reggie,1,0,,
post-ending,combatant,1,tasha,3,5,49,
post-ending,combatant,1,tristan,2,0,,
post-ending,combatant,1,wispa,3,5,50,
post-ending,combatant,1,iron_jaw,1,0,,
post-ending,combatant,1,bruce_loose,1,0,,
post-ending,combatant,1,deacon_brass,1,0,,
post-ending,combatant,1,uncle_sunday,1,0,,
post-ending,combatant,1,phil,1,0,,
post-ending,combatant,1,brenda,2,5,,
post-ending,combatant,1,bunmi,3,5,52,
post-ending,combatant,1,don_chuy,1,0,,
post-ending,romantic,1,ceo_assistant_001,4,15,32,50
post-ending,romantic,1,bllad33,1,0,,
post-ending,romantic,1,ogun,1,0,,
post-ending,romantic,1,coffe,1,0,,
post-ending,romantic,1,ms_patrice,4,15,6,28
post-ending,romantic,1,velvet,4,15,20,33
post-ending,romantic,1,june,4,15,20,33
post-ending,romantic,1,lo,4,15,34,43
post-ending,romantic,1,rookoko,1,0,,
post-ending,romantic,1,bruce_loose,1,0,,
post-ending,romantic,1,anfeesa,4,15,25,39
post-ending,romantic,1,lil_smack,1,0,,
post-ending,romantic,1,kaede,4,15,26,39
post-ending,romantic,1,kiki,4,15,26,40
post-ending,romantic,1,tristan,2,0,,
post-ending,romantic,1,okada,1,0,,
post-ending,romantic,1,hina,4,15,36,53
post-ending,romantic,1,tasha,4,15,27,40
post-ending,romantic,1,iron_jaw,1,0,,
post-ending,romantic,1,wispa,4,15,37,53
post-ending,romantic,1,brenda,4,15,27,45
post-ending,romantic,1,bunmi,4,14,23,41
post-ending,romantic,1,reggie,1,0,,
post-ending,romantic,1,phil,1,0,,
post-ending,romantic,1,don_chuy,1,0,,
post-ending,explorer,1,ceo_assistant_001,4,9,22,52
post-ending,explorer,1,okada,1,0,,
post-ending,explorer,1,hina,3,7,22,
post-ending,explorer,1,nightshade,3,7,23,
post-ending,explorer,1,ms_patrice,3,7,15,
post-ending,explorer,1,bllad33,2,0,,
post-ending,explorer,1,ogun,1,0,,
post-ending,explorer,1,coffe,1,0,,
post-ending,explorer,1,lo,3,7,24,
post-ending,explorer,1,reggie,1,0,,
post-ending,explorer,1,tasha,3,7,36,
post-ending,explorer,1,velvet,3,7,25,
post-ending,explorer,1,uncle_sunday,1,0,,
post-ending,explorer,1,anfeesa,3,7,17,
post-ending,explorer,1,lil_smack,1,0,,
post-ending,explorer,1,june,4,7,21,39
post-ending,explorer,1,kaede,3,7,18,
post-ending,explorer,1,wispa,3,7,27,
post-ending,explorer,1,moonie,4,6,29,51
post-ending,explorer,1,rookoko,1,0,,
post-ending,explorer,1,kiki,3,6,20,
post-ending,explorer,1,brenda,3,6,30,
post-ending,explorer,1,tristan,2,0,,
post-ending,explorer,1,pinky,3,6,32,
post-ending,explorer,1,iron_jaw,1,0,,
post-ending,explorer,1,bunmi,3,6,32,
post-ending,explorer,1,don_chuy,1,0,,
post-ending,explorer,1,bruce_loose,1,0,,
post-ending,explorer,1,deacon_brass,1,0,,
post-ending,explorer,1,phil,1,0,,
post-ending,explorer,1,duchess,3,6,33,
post-ending,explorer,1,emberly,3,6,33,
post-ending,explorer,1,marisol,3,6,39,
post-ending,explorer,1,mazda_human,4,6,50,52
post-ending,hoarder,1,ceo_assistant_001,1,0,,
post-ending,hoarder,1,coffe,1,0,,
post-ending,hoarder,1,kaede,1,0,,
post-ending,hoarder,1,bruce_loose,1,0,,
post-ending,hoarder,1,kiki,1,0,,
post-ending,hoarder,1,okada,1,0,,
post-ending,hoarder,1,hina,1,0,,
post-ending,hoarder,1,wispa,1,0,,
post-ending,hoarder,1,reggie,1,0,,
post-ending,hoarder,1,tristan,2,0,,
post-ending,hoarder,1,brenda,1,0,,
post-ending,hoarder,1,tasha,1,0,,
post-ending,hoarder,1,uncle_sunday,1,0,,
post-ending,hoarder,1,june,3,2,61,
post-ending,hoarder,1,iron_jaw,1,0,,
post-ending,hoarder,1,phil,1,0,,
post-ending,hoarder,1,lil_smack,1,0,,
post-ending,hoarder,1,don_chuy,1,0,,
post-ending,hoarder,1,bunmi,1,0,,
