id,pilot_lives,pilot_offered,pilot_completed,pilot_firstOfferDay,pilot_beforeEndingOffered,pilot_beforeEndingCompleted,pilot_laterFirstOffered,pilot_laterFirstCompleted,pilot_completionDayMeasured
A00,1,1,1,1,1,0,0,0,0
A07,1,1,1,8,1,0,0,0,0
A08,1,1,1,1,1,0,0,0,0
A09,1,1,1,1,1,0,0,0,0
A10,1,0,0,,0,0,0,0,0
A11,1,0,0,,0,0,0,0,0
A12,1,0,0,,0,0,0,0,0
A13,1,1,1,10,1,0,0,0,0
A14,1,1,1,1,1,0,0,0,0
A15,1,1,1,13,1,0,0,0,0
A16,1,1,1,1,1,0,0,0,0
A17,1,1,1,3,1,0,0,0,0
A18,1,1,1,2,1,0,0,0,0
A19,1,1,1,5,1,0,0,0,0
A20,1,0,0,,0,0,0,0,0
A23,1,0,0,,0,0,0,0,0
A23R,1,0,0,,0,0,0,0,0
A24,1,1,1,6,1,0,0,0,0
A25,1,1,1,1,1,0,0,0,0
A26,1,0,0,,0,0,0,0,0
A27,1,0,0,,0,0,0,0,0
A28,1,0,0,,0,0,0,0,0
A29,1,1,1,2,1,0,0,0,0
A29B,1,1,1,23,1,0,0,0,0
A29C,1,0,0,,0,0,0,0,0
A30,1,1,1,31,1,0,0,0,0
A31,1,1,1,32,1,0,0,0,0
A32,1,0,0,,0,0,0,0,0
A33,1,0,0,,0,0,0,0,0
A34,1,1,1,30,1,0,0,0,0
A36,1,1,1,11,1,0,0,0,0
A37,1,1,1,16,1,0,0,0,0
A38,1,1,1,7,1,0,0,0,0
A39,1,0,0,,0,0,0,0,0
A41,1,1,1,12,1,0,0,0,0
A41B,1,0,0,,0,0,0,0,0
A42,1,1,1,4,1,0,0,0,0
A43,1,1,1,5,1,0,0,0,0
A44,1,1,1,1,1,0,0,0,0
A44_N2,1,1,1,4,1,0,0,0,0
A44_N3,1,1,1,9,1,0,0,0,0
A44_N4,1,1,1,10,1,0,0,0,0
A45,1,1,1,1,1,0,0,0,0
A46,1,1,1,7,1,0,0,0,0
A47,1,0,0,,0,0,0,0,0
A48,1,1,1,1,1,0,0,0,0
A49,1,1,1,1,1,0,0,0,0
A50,1,1,1,10,1,0,0,0,0
A51,1,1,1,30,1,0,0,0,0
A52,1,1,0,31,1,0,0,0,0
A53,1,1,1,57,0,0,1,0,0
A54,1,1,1,33,1,0,0,0,0
A55,1,1,1,4,1,0,0,0,0
A56,1,1,1,33,1,0,0,0,0
A57,1,0,0,,0,0,0,0,0
A58,1,0,0,,0,0,0,0,0
ARC_CAMMILE_1,1,1,1,4,1,0,0,0,0
ARC_CAMMILE_2,1,1,1,12,1,0,0,0,0
ARC_CAMMILE_3,1,1,1,18,1,0,0,0,0
ARC_JUNE_1,1,1,1,6,1,0,0,0,0
ARC_JUNE_2,1,1,1,11,1,0,0,0,0
ARC_JUNE_3,1,1,1,16,1,0,0,0,0
ARC_MAZDA_1,1,0,0,,0,0,0,0,0
ARC_MAZDA_2,1,0,0,,0,0,0,0,0
ARC_MAZDA_3,1,0,0,,0,0,0,0,0
ARC_NNEKA_1,1,1,1,5,1,0,0,0,0
ARC_NNEKA_2,1,1,1,7,1,0,0,0,0
ARC_NNEKA_3,1,1,1,14,1,0,0,0,0
ARC_PATRICE_2,1,1,1,11,1,0,0,0,0
ARC_PATRICE_3,1,1,1,14,1,0,0,0,0
ARMORY,1,1,1,7,1,0,0,0,0
ARMORY_WALL,1,0,0,,0,0,0,0,0
A_ANFEESA1,1,1,1,4,1,0,0,0,0
A_CAMMILE1,1,1,1,1,1,0,0,0,0
A_EMBERLY1,1,1,1,7,1,0,0,0,0
A_HINA1,1,1,1,1,1,0,0,0,0
A_JADE1,1,0,0,,0,0,0,0,0
A_LO1,1,1,1,2,1,0,0,0,0
A_SMACK2,1,1,1,12,1,0,0,0,0
A_TRISTAN,1,1,1,9,1,0,0,0,0
A_VELVET1,1,1,1,3,1,0,0,0,0
CAFE,1,1,1,5,1,0,0,0,0
COFFIN,1,0,0,,0,0,0,0,0
COOK,1,1,1,4,1,0,0,0,0
DATE,1,1,1,1,1,0,0,0,0
F15_EMERALD_L1,1,1,1,69,0,0,1,0,0
F15_EMERALD_L2,1,0,0,,0,0,0,0,0
F15_EMERALD_L3,1,0,0,,0,0,0,0,0
F15_EMERALD_L4,1,0,0,,0,0,0,0,0
F15_ROSALYN_L1,1,1,1,60,0,0,1,0,0
F15_ROSALYN_L2,1,1,1,61,0,0,1,0,0
F15_ROSALYN_L3,1,1,1,65,0,0,1,0,0
F15_ROSALYN_L4,1,1,1,68,0,0,1,0,0
F15_ROXY_L1,1,1,1,27,1,0,0,0,0
F15_ROXY_L2,1,1,1,45,0,0,1,0,0
F15_ROXY_L3,1,1,1,54,0,0,1,0,0
F15_ROXY_L4,1,1,1,59,0,0,1,0,0
FISHTANK,1,0,0,,0,0,0,0,0
GALLERY,1,1,1,2,1,0,0,0,0
GARAGE_VIEW,1,0,0,,0,0,0,0,0
GRAVE,1,1,1,1,1,0,0,0,0
HOOKAH,1,0,0,,0,0,0,0,0
HOST,1,0,0,,0,0,0,0,0
JOLLOF_WARS,1,1,1,32,1,0,0,0,0
KITCHEN,1,0,0,,0,0,0,0,0
KUSH,1,1,1,7,1,0,0,0,0
MAID,1,0,0,,0,0,0,0,0
MOONIE_MEET,1,1,1,2,1,0,0,0,0
MOVIE,1,0,0,,0,0,0,0,0
NAIJA,1,1,1,6,1,0,0,0,0
NEIGHBOR_CASTLE,1,1,1,5,1,0,0,0,0
NEW_OGA_ALTERNATIVE,1,0,0,,0,0,0,0,0
NEW_OGA_FINALE,1,1,1,19,1,0,0,0,0
NEW_OGA_M1,1,1,1,8,1,0,0,0,0
NEW_OGA_M10,1,1,1,17,1,0,0,0,0
NEW_OGA_M2,1,1,1,9,1,0,0,0,0
NEW_OGA_M3,1,1,1,10,1,0,0,0,0
NEW_OGA_M4,1,1,1,11,1,0,0,0,0
NEW_OGA_M5,1,1,1,12,1,0,0,0,0
NEW_OGA_M6,1,1,1,13,1,0,0,0,0
NEW_OGA_M7,1,1,1,14,1,0,0,0,0
NEW_OGA_M8,1,1,1,15,1,0,0,0,0
NEW_OGA_M9,1,1,1,16,1,0,0,0,0
NEW_OGA_VAMPGPT,1,1,1,18,1,0,0,0,0
PEKING,1,1,1,1,1,0,0,0,0
PIER,1,0,0,,0,0,0,0,0
RB_DELIVERY,1,0,0,,0,0,0,0,0
RETWIST,1,1,1,4,1,0,0,0,0
RE_VIEWING,1,1,1,29,1,0,0,0,0
ROOFTOP_DTLA,1,1,1,6,1,0,0,0,0
ROOST,1,0,0,,0,0,0,0,0
SHOP,1,1,1,1,1,0,0,0,0
SHOW,1,1,1,2,1,0,0,0,0
SLURP,1,1,1,2,1,0,0,0,0
TACOS,1,1,1,1,1,0,0,0,0
TANDEM_BATTLE,1,1,1,11,1,0,0,0,0
THRONE,1,1,1,1,1,0,0,0,0
VENICE,1,1,1,1,1,0,0,0,0
