id,before_lives,before_offered,before_completed,before_firstOfferDay,before_beforeEndingOffered,before_beforeEndingCompleted,before_laterFirstOffered,before_laterFirstCompleted,before_completionDayMeasured,after_lives,after_offered,after_completed,after_firstOfferDay,after_beforeEndingOffered,after_beforeEndingCompleted,after_laterFirstOffered,after_laterFirstCompleted,after_completionDayMeasured
A00,1,1,1,1,1,1,0,0,1,1,1,1,1,1,1,0,0,1
A07,1,1,1,8,1,1,0,0,1,1,1,1,8,1,1,0,0,1
A08,1,1,1,1,1,1,0,0,1,1,1,1,1,1,1,0,0,1
A09,1,1,1,1,1,1,0,0,1,1,1,1,1,1,1,0,0,1
A10,1,1,1,11,1,1,0,0,1,1,1,1,12,1,1,0,0,1
A11,1,0,0,,0,0,0,0,0,1,1,1,14,1,1,0,0,1
A12,1,0,0,,0,0,0,0,0,1,1,1,14,1,1,0,0,1
A13,1,1,1,10,1,1,0,0,1,1,1,1,10,1,1,0,0,1
A14,1,1,1,1,1,1,0,0,1,1,1,1,1,1,1,0,0,1
A15,1,1,1,15,1,1,0,0,1,1,1,1,20,1,1,0,0,1
A16,1,1,1,1,1,1,0,0,1,1,1,1,1,1,1,0,0,1
A17,1,0,0,,0,0,0,0,0,1,1,1,25,1,1,0,0,1
A18,1,1,1,2,1,1,0,0,1,1,1,1,2,1,1,0,0,1
A19,1,1,1,3,1,1,0,0,1,1,1,1,4,1,1,0,0,1
A20,1,0,0,,0,0,0,0,0,1,1,1,19,1,1,0,0,1
A23,1,0,0,,0,0,0,0,0,1,0,0,,0,0,0,0,0
A23R,1,0,0,,0,0,0,0,0,1,0,0,,0,0,0,0,0
A24,1,1,1,4,1,1,0,0,1,1,1,1,5,1,1,0,0,1
A25,1,1,1,1,1,1,0,0,1,1,1,1,1,1,1,0,0,1
A26,1,1,1,67,0,0,1,1,1,1,1,1,28,1,1,0,0,1
A27,1,1,1,68,0,0,1,1,1,1,1,1,29,1,1,0,0,1
A28,1,0,0,,0,0,0,0,0,1,1,1,42,0,0,1,1,1
A29,1,1,1,2,1,1,0,0,1,1,1,1,2,1,1,0,0,1
A29B,1,1,1,23,1,1,0,0,1,1,1,1,23,1,1,0,0,1
A29C,1,0,0,,0,0,0,0,0,1,1,1,24,1,1,0,0,1
A30,1,1,1,31,1,1,0,0,1,1,1,1,31,1,1,0,0,1
A31,1,1,1,32,1,1,0,0,1,1,1,1,32,1,1,0,0,1
A32,1,0,0,,0,0,0,0,0,1,1,1,28,1,1,0,0,1
A33,1,0,0,,0,0,0,0,0,1,1,1,36,0,0,1,1,1
A34,1,1,1,32,1,1,0,0,1,1,1,1,30,1,1,0,0,1
A36,1,1,1,10,1,1,0,0,1,1,1,1,10,1,1,0,0,1
A37,1,1,1,16,1,1,0,0,1,1,1,1,16,1,1,0,0,1
A38,1,1,1,4,1,1,0,0,1,1,1,1,5,1,1,0,0,1
A39,1,1,1,70,0,0,1,1,1,1,1,1,30,1,1,0,0,1
A41,1,1,1,12,1,1,0,0,1,1,1,1,12,1,1,0,0,1
A41B,1,0,0,,0,0,0,0,0,1,1,1,22,1,1,0,0,1
A42,1,1,1,4,1,1,0,0,1,1,1,1,4,1,1,0,0,1
A43,1,1,1,5,1,1,0,0,1,1,1,1,5,1,1,0,0,1
A44,1,1,1,1,1,1,0,0,1,1,1,1,1,1,1,0,0,1
A44_N2,1,1,1,25,1,1,0,0,1,1,1,1,9,1,1,0,0,1
A44_N3,1,1,1,26,1,1,0,0,1,1,1,1,25,1,1,0,0,1
A44_N4,1,1,1,27,1,1,0,0,1,1,1,1,26,1,1,0,0,1
A45,1,1,1,1,1,1,0,0,1,1,1,1,1,1,1,0,0,1
A46,1,1,1,5,1,1,0,0,1,1,1,1,6,1,1,0,0,1
A47,1,0,0,,0,0,0,0,0,1,1,1,16,1,1,0,0,1
A48,1,1,1,1,1,1,0,0,1,1,1,1,1,1,1,0,0,1
A49,1,1,1,1,1,1,0,0,1,1,1,1,1,1,1,0,0,1
A50,1,1,1,10,1,1,0,0,1,1,1,1,10,1,1,0,0,1
A51,1,1,1,16,1,1,0,0,1,1,1,1,16,1,1,0,0,1
A52,1,1,0,31,1,0,0,0,0,1,1,0,31,1,0,0,0,0
A53,1,1,1,57,0,0,1,1,1,1,1,1,57,0,0,1,1,1
A54,1,1,1,33,1,1,0,0,1,1,1,1,34,1,1,0,0,1
A55,1,1,1,19,1,1,0,0,1,1,1,1,7,1,1,0,0,1
A56,1,1,1,34,1,1,0,0,1,1,1,1,34,1,1,0,0,1
A57,1,0,0,,0,0,0,0,0,1,1,1,46,0,0,1,1,1
A58,1,0,0,,0,0,0,0,0,1,1,1,35,1,1,0,0,1
ARC_CAMMILE_1,1,1,1,4,1,1,0,0,1,1,1,1,4,1,1,0,0,1
ARC_CAMMILE_2,1,1,1,6,1,1,0,0,1,1,1,1,6,1,1,0,0,1
ARC_CAMMILE_3,1,1,1,7,1,1,0,0,1,1,1,1,8,1,1,0,0,1
ARC_JUNE_1,1,1,1,17,1,1,0,0,1,1,1,1,5,1,1,0,0,1
ARC_JUNE_2,1,1,1,18,1,1,0,0,1,1,1,1,7,1,1,0,0,1
ARC_JUNE_3,1,1,1,19,1,1,0,0,1,1,1,1,17,1,1,0,0,1
ARC_MAZDA_1,1,0,0,,0,0,0,0,0,1,1,1,29,1,1,0,0,1
ARC_MAZDA_2,1,0,0,,0,0,0,0,0,1,1,1,34,1,1,0,0,1
ARC_MAZDA_3,1,0,0,,0,0,0,0,0,1,1,1,35,1,1,0,0,1
ARC_NNEKA_1,1,0,0,,0,0,0,0,0,1,1,1,28,1,1,0,0,1
ARC_NNEKA_2,1,0,0,,0,0,0,0,0,1,1,1,29,1,1,0,0,1
ARC_NNEKA_3,1,0,0,,0,0,0,0,0,1,1,1,32,1,1,0,0,1
ARC_PATRICE_2,1,1,1,30,1,1,0,0,1,1,1,1,27,1,1,0,0,1
ARC_PATRICE_3,1,1,1,33,1,1,0,0,1,1,1,1,28,1,1,0,0,1
ARMORY,1,1,1,28,1,1,0,0,1,1,1,1,24,1,1,0,0,1
ARMORY_WALL,1,0,0,,0,0,0,0,0,1,1,1,33,1,1,0,0,1
A_ANFEESA1,1,1,1,19,1,1,0,0,1,1,1,1,7,1,1,0,0,1
A_CAMMILE1,1,1,1,1,1,1,0,0,1,1,1,1,1,1,1,0,0,1
A_EMBERLY1,1,1,1,24,1,1,0,0,1,1,1,1,18,1,1,0,0,1
A_HINA1,1,1,1,1,1,1,0,0,1,1,1,1,1,1,1,0,0,1
A_JADE1,1,0,0,,0,0,0,0,0,1,1,1,35,1,1,0,0,1
A_LO1,1,1,1,6,1,1,0,0,1,1,1,1,3,1,1,0,0,1
A_SMACK2,1,1,1,12,1,1,0,0,1,1,1,1,12,1,1,0,0,1
A_TRISTAN,1,1,1,9,1,1,0,0,1,1,1,1,9,1,1,0,0,1
A_VELVET1,1,1,1,3,1,1,0,0,1,1,1,1,3,1,1,0,0,1
CAFE,1,1,1,12,1,1,0,0,1,1,1,1,14,1,1,0,0,1
COFFIN,1,0,0,,0,0,0,0,0,1,1,1,47,0,0,1,1,1
COOK,1,1,1,11,1,1,0,0,1,1,1,1,13,1,1,0,0,1
DATE,1,1,1,1,1,1,0,0,1,1,1,1,1,1,1,0,0,1
F15_EMERALD_L1,1,0,0,,0,0,0,0,0,1,1,1,42,0,0,1,1,1
F15_EMERALD_L2,1,0,0,,0,0,0,0,0,1,1,1,43,0,0,1,1,1
F15_EMERALD_L3,1,0,0,,0,0,0,0,0,1,1,1,45,0,0,1,1,1
F15_EMERALD_L4,1,0,0,,0,0,0,0,0,1,1,1,47,0,0,1,1,1
F15_ROSALYN_L1,1,0,0,,0,0,0,0,0,1,1,1,36,0,0,1,1,1
F15_ROSALYN_L2,1,0,0,,0,0,0,0,0,1,1,1,37,0,0,1,1,1
F15_ROSALYN_L3,1,0,0,,0,0,0,0,0,1,1,1,39,0,0,1,1,1
F15_ROSALYN_L4,1,0,0,,0,0,0,0,0,1,1,1,41,0,0,1,1,1
F15_ROXY_L1,1,1,1,69,0,0,1,1,1,1,1,1,30,1,1,0,0,1
F15_ROXY_L2,1,1,1,70,0,0,1,1,1,1,1,1,31,1,1,0,0,1
F15_ROXY_L3,1,0,0,,0,0,0,0,0,1,1,1,33,1,1,0,0,1
F15_ROXY_L4,1,0,0,,0,0,0,0,0,1,1,1,35,1,1,0,0,1
FISHTANK,1,0,0,,0,0,0,0,0,1,1,1,52,0,0,1,1,1
GALLERY,1,1,1,5,1,1,0,0,1,1,1,1,4,1,1,0,0,1
GARAGE_VIEW,1,0,0,,0,0,0,0,0,1,1,1,45,0,0,1,1,1
GRAVE,1,1,1,1,1,1,0,0,1,1,1,1,1,1,1,0,0,1
HOOKAH,1,1,1,69,0,0,1,1,1,1,1,1,29,1,1,0,0,1
HOST,1,1,1,68,0,0,1,1,1,1,1,1,29,1,1,0,0,1
JOLLOF_WARS,1,1,1,32,1,1,0,0,1,1,1,1,32,1,1,0,0,1
KITCHEN,1,0,0,,0,0,0,0,0,1,1,1,32,1,1,0,0,1
KUSH,1,1,1,11,1,1,0,0,1,1,1,1,12,1,1,0,0,1
MAID,1,0,0,,0,0,0,0,0,1,1,1,32,1,1,0,0,1
MOONIE_MEET,1,1,1,23,1,1,0,0,1,1,1,1,27,1,1,0,0,1
MOVIE,1,0,0,,0,0,0,0,0,1,1,1,34,1,1,0,0,1
NAIJA,1,1,1,11,1,1,0,0,1,1,1,1,10,1,1,0,0,1
NEIGHBOR_CASTLE,1,1,1,29,1,1,0,0,1,1,1,1,15,1,1,0,0,1
NEW_OGA_ALTERNATIVE,1,0,0,,0,0,0,0,0,1,0,0,,0,0,0,0,0
NEW_OGA_FINALE,1,1,1,19,1,1,0,0,1,1,0,0,,0,0,0,0,0
NEW_OGA_M1,1,1,1,8,1,1,0,0,1,1,1,1,8,1,1,0,0,1
NEW_OGA_M10,1,1,1,17,1,1,0,0,1,1,0,0,,0,0,0,0,0
NEW_OGA_M2,1,1,1,9,1,1,0,0,1,1,1,1,9,1,1,0,0,1
NEW_OGA_M3,1,1,1,10,1,1,0,0,1,1,0,0,,0,0,0,0,0
NEW_OGA_M4,1,1,1,11,1,1,0,0,1,1,0,0,,0,0,0,0,0
NEW_OGA_M5,1,1,1,12,1,1,0,0,1,1,0,0,,0,0,0,0,0
NEW_OGA_M6,1,1,1,13,1,1,0,0,1,1,0,0,,0,0,0,0,0
NEW_OGA_M7,1,1,1,14,1,1,0,0,1,1,0,0,,0,0,0,0,0
NEW_OGA_M8,1,1,1,15,1,1,0,0,1,1,0,0,,0,0,0,0,0
NEW_OGA_M9,1,1,1,16,1,1,0,0,1,1,0,0,,0,0,0,0,0
NEW_OGA_VAMPGPT,1,1,1,18,1,1,0,0,1,1,0,0,,0,0,0,0,0
PEKING,1,1,1,1,1,1,0,0,1,1,1,1,1,1,1,0,0,1
PIER,1,0,0,,0,0,0,0,0,1,1,1,28,1,1,0,0,1
RB_DELIVERY,1,0,0,,0,0,0,0,0,1,1,1,45,0,0,1,1,1
RETWIST,1,1,1,16,1,1,0,0,1,1,1,1,4,1,1,0,0,1
RE_VIEWING,1,1,1,29,1,1,0,0,1,1,1,1,21,1,1,0,0,1
ROOFTOP_DTLA,1,1,1,38,0,0,1,1,1,1,1,1,8,1,1,0,0,1
ROOST,1,0,0,,0,0,0,0,0,1,1,1,32,1,1,0,0,1
SHOP,1,1,1,1,1,1,0,0,1,1,1,1,1,1,1,0,0,1
SHOW,1,1,1,15,1,1,0,0,1,1,1,1,20,1,1,0,0,1
SLURP,1,1,1,2,1,1,0,0,1,1,1,1,2,1,1,0,0,1
TACOS,1,1,1,1,1,1,0,0,1,1,1,1,1,1,1,0,0,1
TANDEM_BATTLE,1,1,1,14,1,1,0,0,1,1,1,1,10,1,1,0,0,1
THRONE,1,1,1,1,1,1,0,0,1,1,1,1,1,1,1,0,0,1
VENICE,1,1,1,1,1,1,0,0,1,1,1,1,1,1,1,0,0,1
