adventure,before_lives,before_offered_lives,before_completed_lives,before_first_offer_day,after_lives,after_offered_lives,after_completed_lives,after_first_offer_day
A00,89,89,89,1,89,89,89,1
A07,89,89,89,8,89,89,89,8
A08,89,89,89,1,89,89,89,1
A09,89,89,89,1,89,89,89,1
A10,89,38,38,2,89,40,40,2
A11,89,29,29,4,89,29,29,4
A12,89,29,14,4,89,29,15,4
A13,89,59,59,10,89,59,59,10
A14,89,89,89,1,89,89,89,1
A15,89,89,88,13,89,89,89,13
A16,89,89,89,1,89,89,89,1
A17,89,0,0,,89,0,0,
A18,89,77,77,1,89,82,82,1
A19,89,77,77,1,89,77,77,1
A20,89,66,66,19,89,63,63,19
A23,89,0,0,,89,0,0,
A23R,89,0,0,,89,0,0,
A24,89,77,35,2,89,76,28,2
A25,89,89,38,1,89,89,37,1
A26,89,0,0,,89,10,10,25
A27,89,0,0,,89,10,10,26
A28,89,3,3,14,89,6,6,14
A29,89,89,89,2,89,89,89,2
A29B,89,89,86,23,89,89,85,23
A29C,89,62,62,24,89,63,63,24
A30,89,89,73,31,89,89,72,31
A31,89,89,45,32,89,89,40,32
A32,89,0,0,,89,0,0,
A33,89,0,0,,89,3,3,32
A34,89,89,48,30,89,89,68,30
A36,89,0,0,,89,0,0,
A37,89,89,75,16,89,89,74,16
A38,89,81,81,1,89,81,81,1
A39,89,0,0,,89,0,0,
A41,89,89,89,12,89,89,89,12
A41B,89,65,65,22,89,63,63,22
A42,89,89,85,4,89,89,85,4
A43,89,89,89,3,89,89,89,3
A44,89,89,53,1,89,89,45,1
A44_N2,89,53,31,2,89,45,34,2
A44_N3,89,31,22,4,89,34,27,4
A44_N4,89,22,20,6,89,27,23,6
A45,89,89,65,1,89,89,63,1
A46,89,71,50,6,89,73,63,5
A47,89,61,61,16,89,63,63,16
A48,89,89,85,1,89,89,89,1
A49,89,89,57,1,89,89,57,1
A50,89,89,89,8,89,89,89,9
A51,89,84,84,16,89,86,86,16
A52,89,89,39,31,89,89,43,31
A53,89,0,0,,89,0,0,
A54,89,26,11,33,89,28,11,33
A55,89,40,40,3,89,40,40,3
A56,89,9,9,33,89,9,9,33
A57,89,0,0,,89,0,0,
A58,89,61,61,35,89,63,63,35
ARC_CAMMILE_1,89,0,0,,89,0,0,
ARC_CAMMILE_2,89,0,0,,89,0,0,
ARC_CAMMILE_3,89,0,0,,89,0,0,
ARC_JUNE_1,89,85,84,4,89,88,88,4
ARC_JUNE_2,89,53,47,7,89,59,53,7
ARC_JUNE_3,89,16,10,21,89,18,17,20
ARC_MAZDA_1,89,0,0,,89,0,0,
ARC_MAZDA_2,89,0,0,,89,0,0,
ARC_MAZDA_3,89,0,0,,89,0,0,
ARC_NNEKA_1,89,0,0,,89,0,0,
ARC_NNEKA_2,89,0,0,,89,0,0,
ARC_NNEKA_3,89,0,0,,89,0,0,
ARC_PATRICE_2,89,7,4,22,89,5,5,24
ARC_PATRICE_3,89,0,0,,89,0,0,
ARMORY,89,35,21,4,89,28,18,4
ARMORY_WALL,89,0,0,,89,0,0,
A_ANFEESA1,89,40,40,3,89,40,40,3
A_CAMMILE1,89,0,0,,89,0,0,
A_EMBERLY1,89,31,31,2,89,29,29,2
A_HINA1,89,89,89,1,89,89,89,1
A_JADE1,89,0,0,,89,0,0,
A_LO1,89,40,40,2,89,40,40,2
A_SMACK2,89,89,77,12,89,89,81,12
A_TRISTAN,89,89,89,9,89,89,89,9
A_VELVET1,89,89,89,3,89,89,89,3
CAFE,89,89,49,4,89,89,54,4
COFFIN,89,0,0,,89,0,0,
COOK,89,89,89,3,89,89,89,3
DATE,89,89,89,1,89,89,89,1
F15_EMERALD_L1,89,10,10,13,89,10,10,13
F15_EMERALD_L2,89,8,8,22,89,10,10,18
F15_EMERALD_L3,89,5,5,30,89,9,9,20
F15_EMERALD_L4,89,2,2,33,89,9,9,22
F15_ROSALYN_L1,89,10,10,25,89,10,10,17
F15_ROSALYN_L2,89,4,4,30,89,10,10,19
F15_ROSALYN_L3,89,3,3,32,89,8,8,21
F15_ROSALYN_L4,89,0,0,,89,6,6,23
F15_ROXY_L1,89,10,10,28,89,10,10,18
F15_ROXY_L2,89,8,8,30,89,10,10,21
F15_ROXY_L3,89,6,6,32,89,8,8,22
F15_ROXY_L4,89,0,0,,89,4,4,25
FISHTANK,89,0,0,,89,0,0,
GALLERY,89,57,42,2,89,57,45,2
GARAGE_VIEW,89,0,0,,89,0,0,
GRAVE,89,89,89,1,89,89,89,1
HOOKAH,89,10,9,3,89,10,9,3
HOST,89,0,0,,89,8,7,26
JOLLOF_WARS,89,82,33,32,89,85,49,32
KITCHEN,89,0,0,,89,0,0,
KUSH,89,89,37,2,89,89,37,2
MAID,89,0,0,,89,0,0,
MOONIE_MEET,89,18,18,6,89,18,18,3
MOVIE,89,0,0,,89,0,0,
NAIJA,89,89,48,4,89,89,51,5
NEIGHBOR_CASTLE,89,40,40,1,89,39,39,1
NEW_OGA_ALTERNATIVE,89,6,6,12,89,2,2,12
NEW_OGA_FINALE,89,28,28,19,89,26,26,19
NEW_OGA_M1,89,85,85,8,89,84,84,8
NEW_OGA_M10,89,28,28,17,89,26,26,17
NEW_OGA_M2,89,57,57,9,89,55,55,9
NEW_OGA_M3,89,32,32,10,89,31,31,10
NEW_OGA_M4,89,28,28,11,89,26,26,11
NEW_OGA_M5,89,28,28,12,89,26,26,12
NEW_OGA_M6,89,28,28,13,89,26,26,13
NEW_OGA_M7,89,28,28,14,89,26,26,14
NEW_OGA_M8,89,28,28,15,89,26,26,15
NEW_OGA_M9,89,28,28,16,89,26,26,16
NEW_OGA_VAMPGPT,89,28,28,18,89,26,26,18
PEKING,89,89,89,1,89,89,89,1
PIER,89,14,11,5,89,15,14,5
RB_DELIVERY,89,0,0,,89,7,7,29
RETWIST,89,85,80,2,89,89,84,2
RE_VIEWING,89,0,0,,89,0,0,
ROOFTOP_DTLA,89,40,40,6,89,39,39,4
ROOST,89,0,0,,89,0,0,
SHOP,89,0,0,,89,0,0,
SHOW,89,89,75,4,89,89,75,4
SLURP,89,89,74,2,89,89,76,2
TACOS,89,89,89,1,89,89,89,1
TANDEM_BATTLE,89,57,56,10,89,59,59,10
THRONE,89,0,0,,89,0,0,
VENICE,89,89,33,1,89,89,36,1
