id,normal_player_entry,status,before_lives,before_offered,before_completed,before_beforeEndingOffered,before_laterFirstOffered,before_beforeEndingCompletedMeasured,before_laterFirstCompletedMeasured,before_completionDayMeasured,after_lives,after_offered,after_completed,after_beforeEndingOffered,after_laterFirstOffered,after_beforeEndingCompletedMeasured,after_laterFirstCompletedMeasured,after_completionDayMeasured,post_lives,post_offered,post_completed,post_beforeEndingOffered,post_laterFirstOffered,post_beforeEndingCompletedMeasured,post_laterFirstCompletedMeasured,post_completionDayMeasured,completionistBefore_lives,completionistBefore_offered,completionistBefore_completed,completionistBefore_beforeEndingOffered,completionistBefore_laterFirstOffered,completionistBefore_beforeEndingCompletedMeasured,completionistBefore_laterFirstCompletedMeasured,completionistBefore_completionDayMeasured,completionistAfter_lives,completionistAfter_offered,completionistAfter_completed,completionistAfter_beforeEndingOffered,completionistAfter_laterFirstOffered,completionistAfter_beforeEndingCompletedMeasured,completionistAfter_laterFirstCompletedMeasured,completionistAfter_completionDayMeasured,historical_proof,supplemental_probe,why_unobserved_or_limit,adventure_gate,wake_gates,want_gates
A_ANFEESA1,FIND A PARTY → OGUN'S SECOND RAVE (A55) → A_ANFEESA1 (chain),OBSERVED final build before first ending,89,40,40,40,0,0,0,0,89,40,40,40,0,0,0,0,18,10,10,10,0,0,0,0,1,1,1,1,0,1,0,1,1,1,1,1,0,1,0,1,A_ANFEESA1: PASS,,Actual career offer/selection counts below; zero completion in an offered life may be policy selection rather than a gate defect.,L=>L.flag('ogunsRaveCompleted')||L.done('A55'),[],[]
A_CAMMILE1,Legacy JDM owner defeated/daughter meeting → GO SOMEWHERE docks,OBSERVED final build in supplemental pre-ending policy,89,0,0,0,0,0,0,0,89,0,0,0,0,0,0,0,18,0,0,0,0,0,0,0,1,1,1,1,0,1,0,1,1,1,1,1,0,1,0,1,A_CAMMILE1: PASS,PASS isolated callback/route probe; not career exposure/economy,"Main legacy Supra computeCompletionState pays the real price and grants the vehicle, but does not call ownerDefeated/recordDaughterMeeting. Contact producer is outside the main legacy outcome substitute.",L=>RARelations.met('jdm_importer_daughter_001')&&!L.done('A_CAMMILE1'),[],[]
A_EMBERLY1,GO SOMEWHERE → KUSH & CRYPT → THE BACK ROOM (chain),OBSERVED final build before first ending,89,31,31,31,0,0,0,0,89,29,29,29,0,0,0,0,18,7,7,7,0,0,0,0,1,1,1,1,0,1,0,1,1,1,1,1,0,1,0,1,A_EMBERLY1: PASS,,Actual career offer/selection counts below; zero completion in an offered life may be policy selection rather than a gate defect.,,[],[]
A_HINA1,GO SOMEWHERE → SLURP DYNASTY → A08 first shift → A_HINA1 (chain); SLURP shift fallback,OBSERVED final build before first ending,89,89,89,89,0,0,0,0,89,89,89,89,0,0,0,0,18,18,18,18,0,0,0,0,1,1,1,1,0,1,0,1,1,1,1,1,0,1,0,1,A_HINA1: PASS,,Actual career offer/selection counts below; zero completion in an offered life may be policy selection rather than a gate defect.,,[],[]
A_JADE1,PARTY HALL → HOST theme DRAGON NIGHT → one-time chain,OBSERVED final build in supplemental pre-ending policy,89,0,0,0,0,0,0,0,89,0,0,0,0,0,0,0,18,0,0,0,0,0,0,0,1,0,0,0,0,0,0,0,1,1,1,1,0,1,0,1,A_JADE1: PASS,,Requires a paid hall and that specific theme; main policy variety need not choose it. Historical player route proof passes.,,[],[]
A_LO1,VampGPT → MEET PEOPLE → FIND A PARTY (first large vampire party after Ogun's Rave),OBSERVED final build before first ending,89,40,40,40,0,0,0,0,89,40,40,40,0,0,0,0,18,10,10,10,0,0,0,0,1,1,1,1,0,1,0,1,1,1,1,1,0,1,0,1,A_LO1: PASS,,Actual career offer/selection counts below; zero completion in an offered life may be policy selection rather than a gate defect.,,[],[]
A_SMACK2,WHAT WE ON: w2_smack,OBSERVED final build before first ending,89,89,77,89,0,0,0,0,89,89,81,89,0,0,0,0,18,18,18,18,0,0,0,0,1,1,1,1,0,1,0,1,1,1,1,1,0,1,0,1,,,Actual career offer/selection counts below; zero completion in an offered life may be policy selection rather than a gate defect.,L=>L.day>=12,[],"[{""id"":""w2_smack"",""adventure"":""A_SMACK2"",""action"":null,""thread"":null,""minDay"":12,""maxDay"":null,""cooldown"":10,""life"":[2,4],""weight"":1,""priority"":null,""when"":null}]"
A_TRISTAN,WHAT WE ON: w2_tristan,OBSERVED final build before first ending,89,89,89,89,0,0,0,0,89,89,89,89,0,0,0,0,18,18,18,18,0,0,0,0,1,1,1,1,0,1,0,1,1,1,1,1,0,1,0,1,,,Actual career offer/selection counts below; zero completion in an offered life may be policy selection rather than a gate defect.,,[],"[{""id"":""w2_tristan"",""adventure"":""A_TRISTAN"",""action"":null,""thread"":null,""minDay"":9,""maxDay"":null,""cooldown"":null,""life"":[2,4],""weight"":1.5,""priority"":2,""when"":null}]"
A_VELVET1,"Morning Mail / VampGPT WHAT WE ON: ""a DM from a locked account"" → A_VELVET1",OBSERVED final build before first ending,89,89,89,89,0,0,0,0,89,89,89,89,0,0,0,0,18,17,17,17,0,0,0,0,1,1,1,1,0,1,0,1,1,1,1,1,0,1,0,1,A_VELVET1: PASS,,Actual career offer/selection counts below; zero completion in an offered life may be policy selection rather than a gate defect.,,[],"[{""id"":""velvet_dm"",""adventure"":""A_VELVET1"",""action"":null,""thread"":null,""minDay"":null,""maxDay"":null,""cooldown"":null,""life"":[2,4],""weight"":1,""priority"":3,""when"":""L=>!!(L.flag('ogunsRaveCompleted')&&L.app('vampgram'))""}]"
A00,Fresh opening controller → THE GOLDFISH YEARS actual A00 graph,OBSERVED final build before first ending,89,89,89,89,0,0,0,0,89,89,89,89,0,0,0,0,18,18,18,18,0,0,0,0,1,1,1,1,0,1,0,1,1,1,1,1,0,1,0,1,,,Every measured life walks the actual A00 graph; subsequent legacy throne encounter is explicitly outside the main result/presentation scope.,,[],[]
A07,WHAT WE ON: w2_boba; system-call,OBSERVED final build before first ending,89,89,89,89,0,0,0,0,89,89,89,89,0,0,0,0,18,18,18,18,0,0,0,0,1,1,1,1,0,1,0,1,1,1,1,1,0,1,0,1,,,Actual career offer/selection counts below; zero completion in an offered life may be policy selection rather than a gate defect.,,[],"[{""id"":""w2_boba"",""adventure"":""A07"",""action"":null,""thread"":null,""minDay"":8,""maxDay"":null,""cooldown"":null,""life"":[2,4],""weight"":3,""priority"":5,""when"":null}]"
A08,GO SOMEWHERE: slurp; WHAT WE ON: w2_slurp; vampgpt-lane,OBSERVED final build before first ending,89,89,89,89,0,0,0,0,89,89,89,89,0,0,0,0,18,18,18,18,0,0,0,0,1,1,1,1,0,1,0,1,1,1,1,1,0,1,0,1,,,Actual career offer/selection counts below; zero completion in an offered life may be policy selection rather than a gate defect.,,[],"[{""id"":""w2_slurp"",""adventure"":""A08"",""action"":null,""thread"":null,""minDay"":8,""maxDay"":null,""cooldown"":null,""life"":[2,4],""weight"":2,""priority"":3,""when"":null}]"
A09,GO SOMEWHERE: kush; WHAT WE ON: w2_za; scene-call,OBSERVED final build before first ending,89,89,89,89,0,0,0,0,89,89,89,89,0,0,0,0,18,18,18,18,0,0,0,0,1,1,1,1,0,1,0,1,1,1,1,1,0,1,0,1,,,Actual career offer/selection counts below; zero completion in an offered life may be policy selection rather than a gate defect.,L=>!L.dragon,[],"[{""id"":""w2_za"",""adventure"":""A09"",""action"":null,""thread"":null,""minDay"":9,""maxDay"":null,""cooldown"":null,""life"":[2,4],""weight"":2,""priority"":4,""when"":null}]"
A10,WHAT WE ON: w2_bread,OBSERVED final build before first ending,89,38,38,38,0,0,0,0,89,40,40,40,0,0,0,0,18,10,10,10,0,0,0,0,1,1,1,1,0,1,0,1,1,1,1,1,0,1,0,1,,,Actual career offer/selection counts below; zero completion in an offered life may be policy selection rather than a gate defect.,L=>!!L.dragon,[],"[{""id"":""w2_bread"",""adventure"":""A10"",""action"":null,""thread"":null,""minDay"":null,""maxDay"":null,""cooldown"":null,""life"":[2,4],""weight"":1.5,""priority"":2,""when"":""L=>!!L.dragon""}]"
A11,wake trigger; wake-trigger,OBSERVED final build before first ending,89,29,29,29,0,0,0,0,89,29,29,29,0,0,0,0,18,9,9,9,0,0,0,0,1,0,0,0,0,0,0,0,1,1,1,1,0,1,0,1,,,Actual career offer/selection counts below; zero completion in an offered life may be policy selection rather than a gate defect.,L=>L.dragon?.stage==='egg',"[{""adventure"":""A11"",""priority"":9,""when"":""L=>L.dragon?.stage==='egg'&&(L.dragon.sleepsAtStage||0)>=3""}]",[]
A12,GO SOMEWHERE: pier,OBSERVED final build before first ending,89,29,14,29,0,0,0,0,89,29,15,29,0,0,0,0,18,9,6,9,0,0,0,0,1,0,0,0,0,0,0,0,1,1,1,1,0,1,0,1,,,Actual career offer/selection counts below; zero completion in an offered life may be policy selection rather than a gate defect.,L=>!!L.dragon?.hatched,[],[]
A13,WHAT WE ON: w2_crest,OBSERVED final build before first ending,89,59,59,59,0,0,0,0,89,59,59,59,0,0,0,0,18,8,8,8,0,0,0,0,1,1,1,1,0,1,0,1,1,1,1,1,0,1,0,1,,PASS isolated callback/route probe; not career exposure/economy,Actual career offer/selection counts below; zero completion in an offered life may be policy selection rather than a gate defect.,L=>(L.life.ownership.cars||[]).length>0,[],"[{""id"":""w2_crest"",""adventure"":""A13"",""action"":null,""thread"":null,""minDay"":10,""maxDay"":null,""cooldown"":null,""life"":[2,4],""weight"":2,""priority"":4,""when"":""L=>(L.life.ownership.cars||[]).length>0""}]"
A14,GO SOMEWHERE: catacomb; WHAT WE ON: w2_flyer,OBSERVED final build before first ending,89,89,89,89,0,0,0,0,89,89,89,89,0,0,0,0,18,18,18,18,0,0,0,0,1,1,1,1,0,1,0,1,1,1,1,1,0,1,0,1,,,Actual career offer/selection counts below; zero completion in an offered life may be policy selection rather than a gate defect.,,[],"[{""id"":""w2_flyer"",""adventure"":""A14"",""action"":null,""thread"":null,""minDay"":11,""maxDay"":null,""cooldown"":null,""life"":[2,4],""weight"":1.5,""priority"":3,""when"":null}]"
A15,WHAT WE ON: w2_callout,OBSERVED final build before first ending,89,89,88,89,0,0,0,0,89,89,89,89,0,0,0,0,18,18,18,18,0,0,0,0,1,1,1,1,0,1,0,1,1,1,1,1,0,1,0,1,,,Actual career offer/selection counts below; zero completion in an offered life may be policy selection rather than a gate defect.,L=>L.done('A14'),[],"[{""id"":""w2_callout"",""adventure"":""A15"",""action"":null,""thread"":null,""minDay"":13,""maxDay"":null,""cooldown"":null,""life"":[2,4],""weight"":1.5,""priority"":2,""when"":""L=>L.done('A14')""}]"
A16,GO SOMEWHERE: cafe; WHAT WE ON: w2_cafe,OBSERVED final build before first ending,89,89,89,89,0,0,0,0,89,89,89,89,0,0,0,0,18,18,18,18,0,0,0,0,1,1,1,1,0,1,0,1,1,1,1,1,0,1,0,1,,,Actual career offer/selection counts below; zero completion in an offered life may be policy selection rather than a gate defect.,,[],"[{""id"":""w2_cafe"",""adventure"":""A16"",""action"":null,""thread"":null,""minDay"":10,""maxDay"":null,""cooldown"":null,""life"":[2,4],""weight"":2,""priority"":4,""when"":null}]"
A17,Lose a real combat encounter with penalty → RADefeat.apply → blood-bank wake,OBSERVED final build in supplemental pre-ending policy,89,0,0,0,0,0,0,0,89,0,0,0,0,0,0,0,18,0,0,0,0,0,0,0,1,0,0,0,0,0,0,0,1,1,1,1,0,1,0,1,,PASS isolated callback/route probe; not career exposure/economy,Main generic fight-result seam skips the production defeat callback; isolated real callback proves pending wake and cash debit.,L=>!!L.flag('a17Pending'),"[{""adventure"":""A17"",""priority"":10,""when"":""L=>!!L.flag('a17Pending')""}]",[]
A18,grave-hub,OBSERVED final build before first ending,89,77,77,77,0,0,0,0,89,82,82,82,0,0,0,0,18,18,18,18,0,0,0,0,1,1,1,1,0,1,0,1,1,1,1,1,0,1,0,1,,,Actual career offer/selection counts below; zero completion in an offered life may be policy selection rather than a gate defect.,,[],[]
A19,grave-hub; system-call,OBSERVED final build before first ending,89,77,77,77,0,0,0,0,89,77,77,77,0,0,0,0,18,18,18,14,4,0,0,0,1,1,1,1,0,1,0,1,1,1,1,1,0,1,0,1,,PASS isolated callback/route probe; not career exposure/economy,Actual career offer/selection counts below; zero completion in an offered life may be policy selection rather than a gate defect.,,[],[]
A20,wake trigger; wake-trigger,OBSERVED final build before first ending,89,66,66,66,0,0,0,0,89,63,63,63,0,0,0,0,18,14,14,14,0,0,0,0,1,0,0,0,0,0,0,0,1,1,1,1,0,1,0,1,,,Actual career offer/selection counts below; zero completion in an offered life may be policy selection rather than a gate defect.,,"[{""adventure"":""A20"",""priority"":40,""when"":""L=>L.day>18&&!L.flag('phil3Done')&&L.flag('philLastDay')!==L.day""}]",[]
A23,Paid castle HOOKAH roof scene + ecology level≥2 → wake,UNOBSERVED final build in careers; separate player/callback proof passes,89,0,0,0,0,0,0,0,89,0,0,0,0,0,0,0,18,0,0,0,0,0,0,0,1,0,0,0,0,0,0,0,1,0,0,0,0,0,0,0,,PASS isolated callback/route probe; not career exposure/economy,"Available OPEN callback contracts/current producer evidence give released assistant2 + kept daughter1 = pressure3, below existing warning4. Isolated production saturation stays3 over5 wakes. No additional OPEN producer was found in the scoped search; no claim about protected internals. Owner ruling required; fixtures do not count as career offers.",,"[{""adventure"":""A23"",""priority"":70,""when"":""L=>L.done('HOOKAH')&&RAEcology.level()>=2&&!L.done('A23')""}]",[]
A23R,A23 done → Bruce A19 reveals Armory → A24 → buy a gun → WHAT WE ON rematch,UNOBSERVED final build in careers; separate player/callback proof passes,89,0,0,0,0,0,0,0,89,0,0,0,0,0,0,0,18,0,0,0,0,0,0,0,1,0,0,0,0,0,0,0,1,0,0,0,0,0,0,0,A23R: PASS,PASS isolated callback/route probe; not career exposure/economy,"Depends on A23 and its scoped OPEN3-versus4 pressure gap, then actual gun preparation. Historical/isolated rematch wiring proofs pass separately; no threshold/contribution change or fixture count repairs exposure.",L=>L.done('A23'),[],"[{""id"":""a23r_rematch"",""adventure"":""A23R"",""action"":null,""thread"":null,""minDay"":null,""maxDay"":null,""cooldown"":4,""life"":[2,4],""weight"":1,""priority"":1,""when"":""L=>!!(L.done('A23')&&L.flag('armoryKnown')&&L.done('A24')&&(L.life.ownership.guns||[]).length>0)""}]"
A24,GO SOMEWHERE: armory; system-call,OBSERVED final build before first ending,89,77,35,77,0,0,0,0,89,76,28,76,0,0,0,0,18,18,6,13,5,0,0,0,1,1,1,1,0,1,0,1,1,1,1,1,0,1,0,1,,PASS isolated callback/route probe; not career exposure/economy,Actual career offer/selection counts below; zero completion in an offered life may be policy selection rather than a gate defect.,L=>L.flag('armoryKnown')&&!L.done('A24'),[],[]
A25,GO SOMEWHERE: ballroom,OBSERVED final build before first ending,89,89,38,89,0,0,0,0,89,89,37,89,0,0,0,0,18,18,9,18,0,0,0,0,1,1,1,1,0,1,0,1,1,1,1,1,0,1,0,1,,,Actual career offer/selection counts below; zero completion in an offered life may be policy selection rather than a gate defect.,,[],[]
A26,"Buy PARTY HALL ($250,000) after recorded Ogun rave/hosting unlock → CASTLE hall",OBSERVED final build before first ending,89,0,0,0,0,0,0,0,89,10,10,10,0,0,0,0,18,2,2,1,1,0,0,0,1,1,1,0,1,0,1,1,1,1,1,1,0,1,0,1,,PASS isolated callback/route probe; not career exposure/economy,Paid hall ownership is a separate economic observation; only relevant policies target it. Read ownership.csv for actual purchase timing.,L=>L.hasRoom('party_hall'),[],[]
A27,Morning after an actual partyNight → wake,OBSERVED final build before first ending,89,0,0,0,0,0,0,0,89,10,10,10,0,0,0,0,18,2,2,1,1,0,0,0,1,1,1,0,1,0,1,1,1,1,1,1,0,1,0,1,,,Depends on paid hall/theme or party outcome flags and wake priority; inspect actual A26/HOST observations rather than assuming possession implies partyNight.,,"[{""adventure"":""A27"",""priority"":90,""when"":""L=>{const pn=L.flag('partyNight');return pn===L.day-1&&!L.done('A27');}""}]",[]
A28,wake trigger; wake-trigger,OBSERVED final build before first ending,89,3,3,3,0,0,0,0,89,6,6,6,0,0,0,0,18,3,3,1,2,0,0,0,1,0,0,0,0,0,0,0,1,1,1,0,1,0,1,1,,,Actual career offer/selection counts below; zero completion in an offered life may be policy selection rather than a gate defect.,,"[{""adventure"":""A28"",""priority"":50,""when"":""L=>L.info.fullMoon&&L.level('moonie')>=1&&!L.done('A28')""}]",[]
A29,"wake beat (days 2–8) → tells → WHAT WE ON ""something is off about coffe."" → wake raid",OBSERVED final build before first ending,89,89,89,89,0,0,0,0,89,89,89,89,0,0,0,0,18,18,18,18,0,0,0,0,1,1,1,1,0,1,0,1,1,1,1,1,0,1,0,1,A29 → A29B → A29C: PASS,,Actual career offer/selection counts below; zero completion in an offered life may be policy selection rather than a gate defect.,L=>L.day>=2&&L.day<=8,"[{""adventure"":""A29"",""priority"":5,""when"":""L=>L.day>=2&&L.day<=8""}]",[]
A29B,"wake beat (days 2–8) → tells → WHAT WE ON ""something is off about coffe."" → wake raid",OBSERVED final build before first ending,89,89,86,89,0,0,0,0,89,89,85,89,0,0,0,0,18,18,18,18,0,0,0,0,1,1,1,1,0,1,0,1,1,1,1,1,0,1,0,1,A29 → A29B → A29C: PASS,,Actual career offer/selection counts below; zero completion in an offered life may be policy selection rather than a gate defect.,L=>L.done('A29')&&(Number(L.flag('coffeTells'))||0)>=2&&!L.done('A29C'),[],"[{""id"":""coffe_tells"",""adventure"":""A29B"",""action"":null,""thread"":null,""minDay"":null,""maxDay"":null,""cooldown"":null,""life"":[2,4],""weight"":1,""priority"":6,""when"":null}]"
A29C,"wake beat (days 2–8) → tells → WHAT WE ON ""something is off about coffe."" → wake raid",OBSERVED final build before first ending,89,62,62,62,0,0,0,0,89,63,63,63,0,0,0,0,18,14,14,14,0,0,0,0,1,0,0,0,0,0,0,0,1,1,1,1,0,1,0,1,A29 → A29B → A29C: PASS,,Actual career offer/selection counts below; zero completion in an offered life may be policy selection rather than a gate defect.,,"[{""adventure"":""A29C"",""priority"":70,""when"":""L=>L.done('A29')&&(L.done('A29B')?L.day>(RALife.adventureRecord('A29B')?.completedDay||0):(Number(L.flag('coffeTells'))||0)>=2&&L.day>=31)""}]",[]
A30,WHAT WE ON: reggie_portobellos; scene-call,OBSERVED final build before first ending,89,89,73,89,0,0,0,0,89,89,72,89,0,0,0,0,18,18,18,18,0,0,0,0,1,1,1,1,0,1,0,1,1,1,1,1,0,1,0,1,,,Actual career offer/selection counts below; zero completion in an offered life may be policy selection rather than a gate defect.,,[],"[{""id"":""reggie_portobellos"",""adventure"":""A30"",""action"":null,""thread"":null,""minDay"":31,""maxDay"":null,""cooldown"":null,""life"":[2,4],""weight"":1,""priority"":10,""when"":""L=>!L.done('A30')&&(!RAAdventures.get('A09')||L.done('A09'))""}]"
A31,WHAT WE ON: curb_pull; scene-call,OBSERVED final build before first ending,89,89,45,89,0,0,0,0,89,89,40,89,0,0,0,0,18,18,17,18,0,0,0,0,1,1,1,1,0,1,0,1,1,1,1,1,0,1,0,1,,,Actual career offer/selection counts below; zero completion in an offered life may be policy selection rather than a gate defect.,L=>L.info.sunday,[],"[{""id"":""curb_pull"",""adventure"":""A31"",""action"":null,""thread"":null,""minDay"":28,""maxDay"":null,""cooldown"":null,""life"":[2,4],""weight"":1,""priority"":8,""when"":""L=>L.info.sunday&&!L.done('A31')&&(L.done('A30')||L.flag('lastDefeatDay'))""}]"
A32,Dragon majestic with care streak≥5 → wake,OBSERVED final build in supplemental pre-ending policy,89,0,0,0,0,0,0,0,89,0,0,0,0,0,0,0,18,4,4,0,4,0,0,0,1,0,0,0,0,0,0,0,1,1,1,1,0,1,0,1,,,Main does not perform a sustained dragon care policy before its first ending. Continuation adds actual care without stage injection.,,"[{""adventure"":""A32"",""priority"":40,""when"":""L=>L.dragon?.stage==='majestic'&&(L.dragon.streak||0)>=5""}]",[]
A33,Street reputation≥2 → wake,OBSERVED final build before first ending,89,0,0,0,0,0,0,0,89,3,3,3,0,0,0,0,18,4,4,1,3,0,0,0,1,0,0,0,0,0,0,0,1,1,1,0,1,0,1,1,,,Actual reputation progression and higher-priority wakes determine timing; absence is not an unreachable gate.,,"[{""adventure"":""A33"",""priority"":35,""when"":""L=>L.rep>=2&&!L.done('A33')""}]",[]
A34,WHAT WE ON: tokyo_dm; scene-call,OBSERVED final build before first ending,89,89,48,89,0,0,0,0,89,89,68,89,0,0,0,0,18,18,18,18,0,0,0,0,1,1,1,1,0,1,0,1,1,1,1,1,0,1,0,1,,,Actual career offer/selection counts below; zero completion in an offered life may be policy selection rather than a gate defect.,L=>L.day>=30,[],"[{""id"":""tokyo_dm"",""adventure"":""A34"",""action"":null,""thread"":null,""minDay"":30,""maxDay"":null,""cooldown"":null,""life"":[2,4],""weight"":1,""priority"":null,""when"":""L=>!L.done('A34')""}]"
A36,TOUGE app → TANDEM after A13 and car ownership,OBSERVED final build in supplemental pre-ending policy,89,0,0,0,0,0,0,0,89,0,0,0,0,0,0,0,18,0,0,0,0,0,0,0,1,1,1,1,0,1,0,1,1,1,1,1,0,1,0,1,,PASS isolated callback/route probe; not career exposure/economy,"Main policy chooses the general place/lane TANDEM_BATTLE, not this app action. Isolated actual app callback chooses A36.",L=>L.done('A13')&&L.hasCar,[],[]
A37,Morning Mail INVITE / WHAT WE ON on an eligible Friday after Day 15 → A37,OBSERVED final build before first ending,89,89,75,89,0,0,0,0,89,89,74,89,0,0,0,0,18,18,18,18,0,0,0,0,1,1,1,1,0,1,0,1,1,1,1,1,0,1,0,1,A37: PASS,,Actual career offer/selection counts below; zero completion in an offered life may be policy selection rather than a gate defect.,L=>L.info.friday&&L.day>15,[],"[{""id"":""a37_friday"",""adventure"":""A37"",""action"":null,""thread"":null,""minDay"":null,""maxDay"":null,""cooldown"":null,""life"":[1,1],""weight"":1,""priority"":4,""when"":null}]"
A38,grave-hub,OBSERVED final build before first ending,89,81,81,81,0,0,0,0,89,81,81,81,0,0,0,0,18,18,18,18,0,0,0,0,1,1,1,1,0,1,0,1,1,1,1,1,0,1,0,1,,,Actual career offer/selection counts below; zero completion in an offered life may be policy selection rather than a gate defect.,,[],[]
A39,"Buy MAID QUARTERS ($40,000) → CASTLE room before Marisol hired",OBSERVED final build in supplemental pre-ending policy,89,0,0,0,0,0,0,0,89,0,0,0,0,0,0,0,18,1,1,0,1,0,0,0,1,1,1,0,1,0,1,1,1,1,1,1,0,1,0,1,,PASS isolated callback/route probe; not career exposure/economy,Only explorer policy targets this room; a missing paid purchase/selection does not establish an unreachable gate.,L=>L.hasRoom('maid_quarters')&&!L.flag('marisolHired'),[],[]
A41,InstaHoe/WHAT WE ON: trippin_red,OBSERVED final build before first ending,89,89,89,89,0,0,0,0,89,89,89,89,0,0,0,0,18,18,18,18,0,0,0,0,1,1,1,1,0,1,0,1,1,1,1,1,0,1,0,1,,,Actual career offer/selection counts below; zero completion in an offered life may be policy selection rather than a gate defect.,L=>RABtfPeople.women.some(w=>RARelations.level(w.id)>=2),[],"[{""id"":""trippin_red"",""adventure"":""A41"",""action"":null,""thread"":""tristan"",""minDay"":12,""maxDay"":null,""cooldown"":null,""life"":[2,4],""weight"":1,""priority"":5,""when"":null}]"
A41B,wake trigger; wake-trigger,OBSERVED final build before first ending,89,65,65,65,0,0,0,0,89,63,63,63,0,0,0,0,18,14,14,13,1,0,0,0,1,0,0,0,0,0,0,0,1,1,1,1,0,1,0,1,,,Actual career offer/selection counts below; zero completion in an offered life may be policy selection rather than a gate defect.,,"[{""adventure"":""A41B"",""priority"":10,""when"":""L=>{const rec=RALife.adventureRecord('A41');if(!rec)return false;const gap=L.day-rec.completedDay;return gap>=10&&gap<=20;}""}]",[]
A42,GO SOMEWHERE: brunch; WHAT WE ON: w2_brunch,OBSERVED final build before first ending,89,89,85,89,0,0,0,0,89,89,85,89,0,0,0,0,18,18,18,18,0,0,0,0,1,1,1,1,0,1,0,1,1,1,1,1,0,1,0,1,,,Actual career offer/selection counts below; zero completion in an offered life may be policy selection rather than a gate defect.,,[],"[{""id"":""w2_brunch"",""adventure"":""A42"",""action"":null,""thread"":null,""minDay"":null,""maxDay"":null,""cooldown"":5,""life"":[2,4],""weight"":1.5,""priority"":null,""when"":""L=>L.info.sunday""}]"
A43,GO SOMEWHERE: naija_mart; WHAT WE ON: crave_malt,OBSERVED final build before first ending,89,89,89,89,0,0,0,0,89,89,89,89,0,0,0,0,18,18,18,18,0,0,0,0,1,1,1,1,0,1,0,1,1,1,1,1,0,1,0,1,,,Actual career offer/selection counts below; zero completion in an offered life may be policy selection rather than a gate defect.,,[],"[{""id"":""crave_malt"",""adventure"":""A43"",""action"":null,""thread"":null,""minDay"":3,""maxDay"":null,""cooldown"":null,""life"":[2,4],""weight"":2,""priority"":null,""when"":null}]"
A44,GO SOMEWHERE → HEARTSFELT-JACKSUN → one Waffle Saga night per trip,OBSERVED final build before first ending,89,89,53,89,0,0,0,0,89,89,45,89,0,0,0,0,18,18,14,18,0,0,0,0,1,1,1,1,0,1,0,1,1,1,1,1,0,1,0,1,A44 (4 nights): PASS,,Actual career offer/selection counts below; zero completion in an offered life may be policy selection rather than a gate defect.,L=>waffleNext(L)===n&&(n===1||L.day>(Number(L.flag('waffleDay'))||0)),[],[]
A44_N2,GO SOMEWHERE: heartsfelt; system-call,OBSERVED final build before first ending,89,53,31,53,0,0,0,0,89,45,34,45,0,0,0,0,18,14,11,14,0,0,0,0,1,1,1,1,0,1,0,1,1,1,1,1,0,1,0,1,,,Actual career offer/selection counts below; zero completion in an offered life may be policy selection rather than a gate defect.,L=>waffleNext(L)===n&&(n===1||L.day>(Number(L.flag('waffleDay'))||0)),[],[]
A44_N3,GO SOMEWHERE: heartsfelt,OBSERVED final build before first ending,89,31,22,31,0,0,0,0,89,34,27,34,0,0,0,0,18,11,11,11,0,0,0,0,1,1,1,1,0,1,0,1,1,1,1,1,0,1,0,1,,,Actual career offer/selection counts below; zero completion in an offered life may be policy selection rather than a gate defect.,L=>waffleNext(L)===n&&(n===1||L.day>(Number(L.flag('waffleDay'))||0)),[],[]
A44_N4,GO SOMEWHERE: heartsfelt; system-call,OBSERVED final build before first ending,89,22,20,22,0,0,0,0,89,27,23,27,0,0,0,0,18,11,9,10,1,0,0,0,1,1,1,1,0,1,0,1,1,1,1,1,0,1,0,1,,,Actual career offer/selection counts below; zero completion in an offered life may be policy selection rather than a gate defect.,L=>waffleNext(L)===n&&(n===1||L.day>(Number(L.flag('waffleDay'))||0)),[],[]
A45,GO SOMEWHERE: onsen; WHAT WE ON: w2_onsen,OBSERVED final build before first ending,89,89,65,89,0,0,0,0,89,89,63,89,0,0,0,0,18,18,10,18,0,0,0,0,1,1,1,1,0,1,0,1,1,1,1,1,0,1,0,1,,,Actual career offer/selection counts below; zero completion in an offered life may be policy selection rather than a gate defect.,,[],"[{""id"":""w2_onsen"",""adventure"":""A45"",""action"":null,""thread"":null,""minDay"":null,""maxDay"":null,""cooldown"":4,""life"":[2,4],""weight"":1.5,""priority"":null,""when"":""L=>(RAState.get().life.combat.defeats||0)>0""}]"
A46,"InstaHoe DM from a CLOSE woman: ""take me somewhere special."" → SAY LESS → A46 (repeatable, 7-day cooldown)",OBSERVED final build before first ending,89,71,50,71,0,0,0,0,89,73,63,73,0,0,0,0,18,18,18,14,4,0,0,0,1,1,1,1,0,1,0,1,1,1,1,1,0,1,0,1,A46: PASS,,Actual career offer/selection counts below; zero completion in an offered life may be policy selection rather than a gate defect.,L=>RABtfPeople.women.some(w=>RARelations.level(w.id)>=3),[],"[{""id"":""a46_special"",""adventure"":""A46"",""action"":null,""thread"":""L=>RABtfPeople.women.map(p=>p.id).filter(id=>RARelations.level(id)>=3).sort((a,b)=>RARelations.level(b)-RARelations.level(a)||a.localeCompare(b))[0]||null"",""minDay"":null,""maxDay"":null,""cooldown"":7,""life"":[2,4],""weight"":1.5,""priority"":null,""when"":""L=>!!a46Asker(L)""}]"
A47,wake trigger; wake-trigger,OBSERVED final build before first ending,89,61,61,61,0,0,0,0,89,63,63,63,0,0,0,0,18,14,14,14,0,0,0,0,1,0,0,0,0,0,0,0,1,1,1,1,0,1,0,1,,,Actual career offer/selection counts below; zero completion in an offered life may be policy selection rather than a gate defect.,,"[{""adventure"":""A47"",""priority"":60,""when"":""L=>L.day>12&&L.info.rain&&!L.life.ownership.cat&&!L.done('A47')""}]",[]
A48,GO SOMEWHERE: salon; WHAT WE ON: w2_retwist; system-call,OBSERVED final build before first ending,89,89,85,89,0,0,0,0,89,89,89,89,0,0,0,0,18,18,18,18,0,0,0,0,1,1,1,1,0,1,0,1,1,1,1,1,0,1,0,1,,,Actual career offer/selection counts below; zero completion in an offered life may be policy selection rather than a gate defect.,,[],"[{""id"":""w2_retwist"",""adventure"":""L=>L.done('A48')?'RETWIST':'A48'"",""action"":null,""thread"":null,""minDay"":null,""maxDay"":null,""cooldown"":10,""life"":[2,4],""weight"":1.5,""priority"":null,""when"":""L=>L.flag('locsBloody')||L.day-(L.flag('lastRetwistDay')||0)>=14""}]"
A49,GO SOMEWHERE: gallery,OBSERVED final build before first ending,89,89,57,89,0,0,0,0,89,89,57,89,0,0,0,0,18,18,12,18,0,0,0,0,1,1,1,1,0,1,0,1,1,1,1,1,0,1,0,1,,,Actual career offer/selection counts below; zero completion in an offered life may be policy selection rather than a gate defect.,,[],[]
A50,"GO SOMEWHERE → TRISTAN'S APARTMENT (after A_TRISTAN); Tristan's ""one more turn"" text",OBSERVED final build before first ending,89,89,89,89,0,0,0,0,89,89,89,89,0,0,0,0,18,18,18,18,0,0,0,0,1,1,1,1,0,1,0,1,1,1,1,1,0,1,0,1,A50: PASS,,Actual career offer/selection counts below; zero completion in an offered life may be policy selection rather than a gate defect.,,[],"[{""id"":""tristan_lan"",""adventure"":""A50"",""action"":null,""thread"":""tristan"",""minDay"":null,""maxDay"":null,""cooldown"":null,""life"":[2,4],""weight"":1.5,""priority"":null,""when"":""L=>RARelations.met('tristan')""}]"
A51,GO SOMEWHERE → TACOS on a real rain night → CANCIÓN NIGHT chain,OBSERVED final build before first ending,89,84,84,84,0,0,0,0,89,86,86,86,0,0,0,0,18,18,18,16,2,0,0,0,1,1,1,1,0,1,0,1,1,1,1,1,0,1,0,1,,,Authored TACOS completion chains only on rain and while A51 remains available; current observations are actual graph selections.,,[],[]
A52,Morning Mail INVITE on Day 31 → A52,OBSERVED final build before first ending,89,89,39,89,0,0,0,0,89,89,43,89,0,0,0,0,18,18,8,18,0,0,0,0,1,1,0,1,0,0,0,0,1,1,0,1,0,0,0,0,A52: PASS,,Actual career offer/selection counts below; zero completion in an offered life may be policy selection rather than a gate defect.,L=>L.day===31,[],"[{""id"":""halloween_invite"",""adventure"":""A52"",""action"":null,""thread"":null,""minDay"":null,""maxDay"":null,""cooldown"":null,""life"":[0,0],""weight"":1,""priority"":9,""when"":null}]"
A53,Authored Day57 wake; adventure gate permits Day≥57,OBSERVED final build only in separate continuation,89,0,0,0,0,0,0,0,89,0,0,0,0,0,0,0,18,18,18,0,18,0,0,0,1,1,1,0,1,0,1,1,1,1,1,0,1,0,1,1,,,Every measured main first ending is Day36. Day57 content is outside this main measurement window and is counted only in the separate continuation.,L=>L.day>=57,"[{""adventure"":""A53"",""priority"":90,""when"":""L=>L.day===57""}]",[]
A54,WHAT WE ON: jollof_wars_final_ready; scene-call,OBSERVED final build before first ending,89,26,11,26,0,0,0,0,89,28,11,28,0,0,0,0,18,12,12,7,5,0,0,0,1,1,1,1,0,1,0,1,1,1,1,1,0,1,0,1,,,Actual career offer/selection counts below; zero completion in an offered life may be policy selection rather than a gate defect.,L=>(Number(L.flag('jollofWarsWins'))||0)>=1,[],"[{""id"":""jollof_wars_final_ready"",""adventure"":""A54"",""action"":null,""thread"":null,""minDay"":31,""maxDay"":null,""cooldown"":null,""life"":[2,4],""weight"":2,""priority"":null,""when"":""L=>(Number(L.flag('jollofWarsWins'))||0)>=1&&!L.done('A54')""}]"
A55,VampGPT → MEET PEOPLE → FIND A PARTY after Ogun rave and first Lo party,OBSERVED final build before first ending,89,40,40,40,0,0,0,0,89,40,40,40,0,0,0,0,18,10,10,10,0,0,0,0,1,1,1,1,0,1,0,1,1,1,1,1,0,1,0,1,,,Real party selector and canonical rave flag choose this one-time second rave before repeatable human/vampire parties.,L=>L.flag('ogunsRaveCompleted'),[],[]
A56,JOLLOF WARS actual final win → LIL SMACK #5 chain,OBSERVED final build before first ending,89,9,9,9,0,0,0,0,89,9,9,9,0,0,0,0,18,9,9,5,4,0,0,0,1,1,1,1,0,1,0,1,1,1,1,1,0,1,0,1,,,"Requires the authored tournament final-win outcome; main minigame skills are declared result substitutes, not browser input proofs.",,[],[]
A57,Travel by owned car → real route renderer calls RANodd.maybeStop → wake,OBSERVED final build only in separate continuation,89,0,0,0,0,0,0,0,89,0,0,0,0,0,0,0,18,0,0,0,0,0,0,0,1,0,0,0,0,0,0,0,1,1,1,0,1,0,1,1,,PASS isolated callback/route probe; not career exposure/economy,"Main route choice always walks, so it never produces drive notifications. Separate real Nodd callback proves the wake route.",,"[{""adventure"":""A57"",""priority"":30,""when"":""L=>!!L.flag('noddPending')""}]",[]
A58,wake trigger; wake-trigger,OBSERVED final build before first ending,89,61,61,61,0,0,0,0,89,63,63,63,0,0,0,0,18,14,14,13,1,0,0,0,1,0,0,0,0,0,0,0,1,1,1,1,0,1,0,1,,,Actual career offer/selection counts below; zero completion in an offered life may be policy selection rather than a gate defect.,L=>L.day>=35&&L.followers>=300,"[{""adventure"":""A58"",""priority"":20,""when"":""L=>L.day>=35&&L.followers>=300""}]",[]
ARC_CAMMILE_1,legacy JDM daughter meeting → real dates → relationship level 2 → ordered InstaHoe DM,OBSERVED final build in supplemental pre-ending policy,89,0,0,0,0,0,0,0,89,0,0,0,0,0,0,0,18,0,0,0,0,0,0,0,1,1,1,1,0,1,0,1,1,1,1,1,0,1,0,1,,PASS isolated callback/route probe; not career exposure/economy,"Requires legacy JDM daughter meeting, actual relationship progression and prior arc completion. Main capped daily dates prioritize other contacts; a missing contact producer or unmet level is a policy/measurement limit. Separate real dated-callback/DM graph proof passes; it is not career exposure.",L=>RARelations.level(person)>=needLevel&&prior(L),[],"[{""id"":""ARC_CAMMILE_1_tempt"",""adventure"":""ARC_CAMMILE_1"",""action"":null,""thread"":""jdm_importer_daughter_001"",""minDay"":null,""maxDay"":null,""cooldown"":null,""life"":[2,4],""weight"":1,""priority"":null,""when"":""L=>RARelations.level(person)>=needLevel&&L.done(id)===false&&prior(L)""}]"
ARC_CAMMILE_2,legacy JDM daughter meeting → real dates → relationship level 3 → ordered InstaHoe DM,OBSERVED final build in supplemental pre-ending policy,89,0,0,0,0,0,0,0,89,0,0,0,0,0,0,0,18,0,0,0,0,0,0,0,1,1,1,1,0,1,0,1,1,1,1,1,0,1,0,1,,PASS isolated callback/route probe; not career exposure/economy,"Requires legacy JDM daughter meeting, actual relationship progression and prior arc completion. Main capped daily dates prioritize other contacts; a missing contact producer or unmet level is a policy/measurement limit. Separate real dated-callback/DM graph proof passes; it is not career exposure.",L=>RARelations.level(person)>=needLevel&&prior(L),[],"[{""id"":""ARC_CAMMILE_2_tempt"",""adventure"":""ARC_CAMMILE_2"",""action"":null,""thread"":""jdm_importer_daughter_001"",""minDay"":null,""maxDay"":null,""cooldown"":null,""life"":[2,4],""weight"":1,""priority"":null,""when"":""L=>RARelations.level(person)>=needLevel&&L.done(id)===false&&prior(L)""}]"
ARC_CAMMILE_3,legacy JDM daughter meeting → real dates → relationship level 4 → ordered InstaHoe DM,OBSERVED final build in supplemental pre-ending policy,89,0,0,0,0,0,0,0,89,0,0,0,0,0,0,0,18,0,0,0,0,0,0,0,1,1,1,1,0,1,0,1,1,1,1,1,0,1,0,1,,PASS isolated callback/route probe; not career exposure/economy,"Requires legacy JDM daughter meeting, actual relationship progression and prior arc completion. Main capped daily dates prioritize other contacts; a missing contact producer or unmet level is a policy/measurement limit. Separate real dated-callback/DM graph proof passes; it is not career exposure.",L=>RARelations.level(person)>=needLevel&&prior(L),[],"[{""id"":""ARC_CAMMILE_3_tempt"",""adventure"":""ARC_CAMMILE_3"",""action"":null,""thread"":""jdm_importer_daughter_001"",""minDay"":null,""maxDay"":null,""cooldown"":null,""life"":[2,4],""weight"":1,""priority"":null,""when"":""L=>RARelations.level(person)>=needLevel&&L.done(id)===false&&prior(L)""}]"
ARC_JUNE_1,June A37 party meeting → real dates → relationship level 2 → ordered InstaHoe DM,OBSERVED final build before first ending,89,85,84,85,0,0,0,0,89,88,88,88,0,0,0,0,18,18,18,18,0,0,0,0,1,1,1,1,0,1,0,1,1,1,1,1,0,1,0,1,,PASS isolated callback/route probe; not career exposure/economy,"Requires June A37 party meeting, actual relationship progression and prior arc completion. Main capped daily dates prioritize other contacts; a missing contact producer or unmet level is a policy/measurement limit. Separate real dated-callback/DM graph proof passes; it is not career exposure.",L=>RARelations.level(person)>=needLevel&&prior(L),[],"[{""id"":""ARC_JUNE_1_tempt"",""adventure"":""ARC_JUNE_1"",""action"":null,""thread"":""june"",""minDay"":null,""maxDay"":null,""cooldown"":null,""life"":[2,4],""weight"":1,""priority"":null,""when"":""L=>RARelations.level(person)>=needLevel&&L.done(id)===false&&prior(L)""}]"
ARC_JUNE_2,June A37 party meeting → real dates → relationship level 3 → ordered InstaHoe DM,OBSERVED final build before first ending,89,53,47,53,0,0,0,0,89,59,53,59,0,0,0,0,18,18,18,9,9,0,0,0,1,1,1,1,0,1,0,1,1,1,1,1,0,1,0,1,,PASS isolated callback/route probe; not career exposure/economy,"Requires June A37 party meeting, actual relationship progression and prior arc completion. Main capped daily dates prioritize other contacts; a missing contact producer or unmet level is a policy/measurement limit. Separate real dated-callback/DM graph proof passes; it is not career exposure.",L=>RARelations.level(person)>=needLevel&&prior(L),[],"[{""id"":""ARC_JUNE_2_tempt"",""adventure"":""ARC_JUNE_2"",""action"":null,""thread"":""june"",""minDay"":null,""maxDay"":null,""cooldown"":null,""life"":[2,4],""weight"":1,""priority"":null,""when"":""L=>RARelations.level(person)>=needLevel&&L.done(id)===false&&prior(L)""}]"
ARC_JUNE_3,June A37 party meeting → real dates → relationship level 4 → ordered InstaHoe DM,OBSERVED final build before first ending,89,16,10,16,0,0,0,0,89,18,17,18,0,0,0,0,18,7,7,3,4,0,0,0,1,1,1,1,0,1,0,1,1,1,1,1,0,1,0,1,,PASS isolated callback/route probe; not career exposure/economy,"Requires June A37 party meeting, actual relationship progression and prior arc completion. Main capped daily dates prioritize other contacts; a missing contact producer or unmet level is a policy/measurement limit. Separate real dated-callback/DM graph proof passes; it is not career exposure.",L=>RARelations.level(person)>=needLevel&&prior(L),[],"[{""id"":""ARC_JUNE_3_tempt"",""adventure"":""ARC_JUNE_3"",""action"":null,""thread"":""june"",""minDay"":null,""maxDay"":null,""cooldown"":null,""life"":[2,4],""weight"":1,""priority"":null,""when"":""L=>RARelations.level(person)>=needLevel&&L.done(id)===false&&prior(L)""}]"
ARC_MAZDA_1,majestic dragon A32 meeting → real dates → relationship level 2 → ordered InstaHoe DM,OBSERVED final build in supplemental pre-ending policy,89,0,0,0,0,0,0,0,89,0,0,0,0,0,0,0,18,4,4,0,4,0,0,0,1,0,0,0,0,0,0,0,1,1,1,1,0,1,0,1,,PASS isolated callback/route probe; not career exposure/economy,"Requires majestic dragon A32 meeting, actual relationship progression and prior arc completion. Main capped daily dates prioritize other contacts; a missing contact producer or unmet level is a policy/measurement limit. Separate real dated-callback/DM graph proof passes; it is not career exposure.",L=>RARelations.level(person)>=needLevel&&prior(L),[],"[{""id"":""ARC_MAZDA_1_tempt"",""adventure"":""ARC_MAZDA_1"",""action"":null,""thread"":""mazda_human"",""minDay"":null,""maxDay"":null,""cooldown"":null,""life"":[2,4],""weight"":1,""priority"":null,""when"":""L=>RARelations.level(person)>=needLevel&&L.done(id)===false&&prior(L)""}]"
ARC_MAZDA_2,majestic dragon A32 meeting → real dates → relationship level 3 → ordered InstaHoe DM,OBSERVED final build in supplemental pre-ending policy,89,0,0,0,0,0,0,0,89,0,0,0,0,0,0,0,18,4,4,0,4,0,0,0,1,0,0,0,0,0,0,0,1,1,1,1,0,1,0,1,,PASS isolated callback/route probe; not career exposure/economy,"Requires majestic dragon A32 meeting, actual relationship progression and prior arc completion. Main capped daily dates prioritize other contacts; a missing contact producer or unmet level is a policy/measurement limit. Separate real dated-callback/DM graph proof passes; it is not career exposure.",L=>RARelations.level(person)>=needLevel&&prior(L),[],"[{""id"":""ARC_MAZDA_2_tempt"",""adventure"":""ARC_MAZDA_2"",""action"":null,""thread"":""mazda_human"",""minDay"":null,""maxDay"":null,""cooldown"":null,""life"":[2,4],""weight"":1,""priority"":null,""when"":""L=>RARelations.level(person)>=needLevel&&L.done(id)===false&&prior(L)""}]"
ARC_MAZDA_3,majestic dragon A32 meeting → real dates → relationship level 4 → ordered InstaHoe DM,OBSERVED final build in supplemental pre-ending policy,89,0,0,0,0,0,0,0,89,0,0,0,0,0,0,0,18,2,2,0,2,0,0,0,1,0,0,0,0,0,0,0,1,1,1,1,0,1,0,1,,PASS isolated callback/route probe; not career exposure/economy,"Requires majestic dragon A32 meeting, actual relationship progression and prior arc completion. Main capped daily dates prioritize other contacts; a missing contact producer or unmet level is a policy/measurement limit. Separate real dated-callback/DM graph proof passes; it is not career exposure.",L=>RARelations.level(person)>=needLevel&&prior(L),[],"[{""id"":""ARC_MAZDA_3_tempt"",""adventure"":""ARC_MAZDA_3"",""action"":null,""thread"":""mazda_human"",""minDay"":null,""maxDay"":null,""cooldown"":null,""life"":[2,4],""weight"":1,""priority"":null,""when"":""L=>RARelations.level(person)>=needLevel&&L.done(id)===false&&prior(L)""}]"
ARC_NNEKA_1,blood-bank A17 meeting → real dates → relationship level 2 → ordered InstaHoe DM,OBSERVED final build in supplemental pre-ending policy,89,0,0,0,0,0,0,0,89,0,0,0,0,0,0,0,18,0,0,0,0,0,0,0,1,0,0,0,0,0,0,0,1,1,1,1,0,1,0,1,,PASS isolated callback/route probe; not career exposure/economy,"Requires blood-bank A17 meeting, actual relationship progression and prior arc completion. Main capped daily dates prioritize other contacts; a missing contact producer or unmet level is a policy/measurement limit. Separate real dated-callback/DM graph proof passes; it is not career exposure.",L=>RARelations.level(person)>=needLevel&&prior(L),[],"[{""id"":""ARC_NNEKA_1_tempt"",""adventure"":""ARC_NNEKA_1"",""action"":null,""thread"":""nneka"",""minDay"":null,""maxDay"":null,""cooldown"":null,""life"":[2,4],""weight"":1,""priority"":null,""when"":""L=>RARelations.level(person)>=needLevel&&L.done(id)===false&&prior(L)""}]"
ARC_NNEKA_2,blood-bank A17 meeting → real dates → relationship level 3 → ordered InstaHoe DM,OBSERVED final build in supplemental pre-ending policy,89,0,0,0,0,0,0,0,89,0,0,0,0,0,0,0,18,0,0,0,0,0,0,0,1,0,0,0,0,0,0,0,1,1,1,1,0,1,0,1,,PASS isolated callback/route probe; not career exposure/economy,"Requires blood-bank A17 meeting, actual relationship progression and prior arc completion. Main capped daily dates prioritize other contacts; a missing contact producer or unmet level is a policy/measurement limit. Separate real dated-callback/DM graph proof passes; it is not career exposure.",L=>RARelations.level(person)>=needLevel&&prior(L),[],"[{""id"":""ARC_NNEKA_2_tempt"",""adventure"":""ARC_NNEKA_2"",""action"":null,""thread"":""nneka"",""minDay"":null,""maxDay"":null,""cooldown"":null,""life"":[2,4],""weight"":1,""priority"":null,""when"":""L=>RARelations.level(person)>=needLevel&&L.done(id)===false&&prior(L)""}]"
ARC_NNEKA_3,blood-bank A17 meeting → real dates → relationship level 4 → ordered InstaHoe DM,OBSERVED final build in supplemental pre-ending policy,89,0,0,0,0,0,0,0,89,0,0,0,0,0,0,0,18,0,0,0,0,0,0,0,1,0,0,0,0,0,0,0,1,1,1,1,0,1,0,1,,PASS isolated callback/route probe; not career exposure/economy,"Requires blood-bank A17 meeting, actual relationship progression and prior arc completion. Main capped daily dates prioritize other contacts; a missing contact producer or unmet level is a policy/measurement limit. Separate real dated-callback/DM graph proof passes; it is not career exposure.",L=>RARelations.level(person)>=needLevel&&prior(L),[],"[{""id"":""ARC_NNEKA_3_tempt"",""adventure"":""ARC_NNEKA_3"",""action"":null,""thread"":""nneka"",""minDay"":null,""maxDay"":null,""cooldown"":null,""life"":[2,4],""weight"":1,""priority"":null,""when"":""L=>RARelations.level(person)>=needLevel&&L.done(id)===false&&prior(L)""}]"
ARC_PATRICE_2,completed fourth Waffle Saga A44_N4 → real dates → relationship level 3 → ordered InstaHoe DM,OBSERVED final build before first ending,89,7,4,7,0,0,0,0,89,5,5,5,0,0,0,0,18,9,9,5,4,0,0,0,1,1,1,1,0,1,0,1,1,1,1,1,0,1,0,1,,PASS isolated callback/route probe; not career exposure/economy,"Requires completed fourth Waffle Saga A44_N4, actual relationship progression and prior arc completion. Main capped daily dates prioritize other contacts; a missing contact producer or unmet level is a policy/measurement limit. Separate real dated-callback/DM graph proof passes; it is not career exposure.",L=>RARelations.level(person)>=needLevel&&prior(L),[],"[{""id"":""ARC_PATRICE_2_tempt"",""adventure"":""ARC_PATRICE_2"",""action"":null,""thread"":""ms_patrice"",""minDay"":null,""maxDay"":null,""cooldown"":null,""life"":[2,4],""weight"":1,""priority"":null,""when"":""L=>RARelations.level(person)>=needLevel&&L.done(id)===false&&prior(L)""}]"
ARC_PATRICE_3,completed fourth Waffle Saga A44_N4 → real dates → relationship level 4 → ordered InstaHoe DM,OBSERVED final build in supplemental pre-ending policy,89,0,0,0,0,0,0,0,89,0,0,0,0,0,0,0,18,3,3,1,2,0,0,0,1,1,1,1,0,1,0,1,1,1,1,1,0,1,0,1,,PASS isolated callback/route probe; not career exposure/economy,"Requires completed fourth Waffle Saga A44_N4, actual relationship progression and prior arc completion. Main capped daily dates prioritize other contacts; a missing contact producer or unmet level is a policy/measurement limit. Separate real dated-callback/DM graph proof passes; it is not career exposure.",L=>RARelations.level(person)>=needLevel&&prior(L),[],"[{""id"":""ARC_PATRICE_3_tempt"",""adventure"":""ARC_PATRICE_3"",""action"":null,""thread"":""ms_patrice"",""minDay"":null,""maxDay"":null,""cooldown"":null,""life"":[2,4],""weight"":1,""priority"":null,""when"":""L=>RARelations.level(person)>=needLevel&&L.done(id)===false&&prior(L)""}]"
ARMORY,GO SOMEWHERE: armory; system-call,OBSERVED final build before first ending,89,35,21,35,0,0,0,0,89,28,18,28,0,0,0,0,18,6,6,4,2,0,0,0,1,1,1,1,0,1,0,1,1,1,1,1,0,1,0,1,,PASS isolated callback/route probe; not career exposure/economy,Actual career offer/selection counts below; zero completion in an offered life may be policy selection rather than a gate defect.,L=>L.flag('armoryKnown'),[],[]
ARMORY_WALL,"Buy ARMORY WALL ($60,000) → CASTLE room custom handler",OBSERVED final build in supplemental pre-ending policy,89,0,0,0,0,0,0,0,89,0,0,0,0,0,0,0,18,1,1,0,1,0,0,0,1,0,0,0,0,0,0,0,1,1,1,1,0,1,0,1,,PASS isolated callback/route probe; not career exposure/economy,Main ignores custom-go room handlers. Separate continuation visits actual owned room handlers; isolated paid route proves the entry.,,[],[]
CAFE,GO SOMEWHERE: cafe; WHAT WE ON: cafe_rain; system-call,OBSERVED final build before first ending,89,89,49,89,0,0,0,0,89,89,54,89,0,0,0,0,18,18,18,18,0,0,0,0,1,1,1,1,0,1,0,1,1,1,1,1,0,1,0,1,,,Actual career offer/selection counts below; zero completion in an offered life may be policy selection rather than a gate defect.,L=>L.done('A16'),[],"[{""id"":""cafe_rain"",""adventure"":""CAFE"",""action"":null,""thread"":null,""minDay"":31,""maxDay"":null,""cooldown"":5,""life"":[2,4],""weight"":1,""priority"":null,""when"":""L=>!!RAAdventures.get('CAFE')&&L.info.rain""}]"
COFFIN,"Buy COFFIN UPGRADE ($200,000) → CASTLE custom room handler",OBSERVED final build only in separate continuation,89,0,0,0,0,0,0,0,89,0,0,0,0,0,0,0,18,0,0,0,0,0,0,0,1,0,0,0,0,0,0,0,1,1,1,0,1,0,1,1,,PASS isolated callback/route probe; not career exposure/economy,Main ignores custom-go room handlers. Actual affordability/purchase must be read from career ownership; isolated paid route is not affordability evidence.,,[],[]
COOK,CASTLE/hidden: castle:music; InstaHoe/WHAT WE ON: tristan_cook; A16 → end authored chain; CAFE → done authored chain; scene-call,OBSERVED final build before first ending,89,89,89,89,0,0,0,0,89,89,89,89,0,0,0,0,18,18,18,18,0,0,0,0,1,1,1,1,0,1,0,1,1,1,1,1,0,1,0,1,,PASS isolated callback/route probe; not career exposure/economy,Actual career offer/selection counts below; zero completion in an offered life may be policy selection rather than a gate defect.,L=>RALife.recentMemories(10).length>0,[],"[{""id"":""tristan_cook"",""adventure"":""COOK"",""action"":null,""thread"":""tristan"",""minDay"":31,""maxDay"":null,""cooldown"":7,""life"":[2,4],""weight"":1,""priority"":null,""when"":""L=>!!RAAdventures.get('COOK')""}]"
DATE,CASTLE/hidden: date_someone; dating; scene-call; system-call,OBSERVED final build before first ending,89,89,89,89,0,0,0,0,89,89,89,89,0,0,0,0,18,18,18,17,1,0,0,0,1,1,1,1,0,1,0,1,1,1,1,1,0,1,0,1,,,Actual career offer/selection counts below; zero completion in an offered life may be policy selection rather than a gate defect.,,[],[]
F15_EMERALD_L1,Paid F06 MAKE IT RAIN spend for this club → sequential F15 InstaHoe DM,OBSERVED final build before first ending,89,10,10,10,0,0,0,0,89,10,10,10,0,0,0,0,18,1,1,1,0,0,0,0,1,0,0,0,0,0,0,0,1,1,1,0,1,0,1,1,,,Feature enabled; thresholds are existing $10k/$35k/$80k/$150k cumulative real paid spend with prior-level completion and one-per-wake arbitration. Only one club per designated trap policy. Main uses real F06 spend; missing level is not an unreachable verdict.,()=>C().available(id),[],"[{""id"":""f15:F15_EMERALD_L1"",""adventure"":""F15_EMERALD_L1"",""action"":null,""thread"":""emerald"",""minDay"":null,""maxDay"":null,""cooldown"":null,""life"":[3,5],""weight"":1,""priority"":55,""when"":null}]"
F15_EMERALD_L2,Paid F06 MAKE IT RAIN spend for this club → sequential F15 InstaHoe DM,OBSERVED final build before first ending,89,8,8,8,0,0,0,0,89,10,10,10,0,0,0,0,18,1,1,1,0,0,0,0,1,0,0,0,0,0,0,0,1,1,1,0,1,0,1,1,,,Feature enabled; thresholds are existing $10k/$35k/$80k/$150k cumulative real paid spend with prior-level completion and one-per-wake arbitration. Only one club per designated trap policy. Main uses real F06 spend; missing level is not an unreachable verdict.,()=>C().available(id),[],"[{""id"":""f15:F15_EMERALD_L2"",""adventure"":""F15_EMERALD_L2"",""action"":null,""thread"":""emerald"",""minDay"":null,""maxDay"":null,""cooldown"":null,""life"":[3,5],""weight"":1,""priority"":55,""when"":null}]"
F15_EMERALD_L3,Paid F06 MAKE IT RAIN spend for this club → sequential F15 InstaHoe DM,OBSERVED final build before first ending,89,5,5,5,0,0,0,0,89,9,9,9,0,0,0,0,18,1,1,1,0,0,0,0,1,0,0,0,0,0,0,0,1,1,1,0,1,0,1,1,,,Feature enabled; thresholds are existing $10k/$35k/$80k/$150k cumulative real paid spend with prior-level completion and one-per-wake arbitration. Only one club per designated trap policy. Main uses real F06 spend; missing level is not an unreachable verdict.,()=>C().available(id),[],"[{""id"":""f15:F15_EMERALD_L3"",""adventure"":""F15_EMERALD_L3"",""action"":null,""thread"":""emerald"",""minDay"":null,""maxDay"":null,""cooldown"":null,""life"":[3,5],""weight"":1,""priority"":55,""when"":null}]"
F15_EMERALD_L4,Paid F06 MAKE IT RAIN spend for this club → sequential F15 InstaHoe DM,OBSERVED final build before first ending,89,2,2,2,0,0,0,0,89,9,9,9,0,0,0,0,18,1,1,1,0,0,0,0,1,0,0,0,0,0,0,0,1,1,1,0,1,0,1,1,,,Feature enabled; thresholds are existing $10k/$35k/$80k/$150k cumulative real paid spend with prior-level completion and one-per-wake arbitration. Only one club per designated trap policy. Main uses real F06 spend; missing level is not an unreachable verdict.,()=>C().available(id),[],"[{""id"":""f15:F15_EMERALD_L4"",""adventure"":""F15_EMERALD_L4"",""action"":null,""thread"":""emerald"",""minDay"":null,""maxDay"":null,""cooldown"":null,""life"":[3,5],""weight"":1,""priority"":55,""when"":null}]"
F15_ROSALYN_L1,Paid F06 MAKE IT RAIN spend for this club → sequential F15 InstaHoe DM,OBSERVED final build before first ending,89,10,10,10,0,0,0,0,89,10,10,10,0,0,0,0,18,1,1,1,0,0,0,0,1,0,0,0,0,0,0,0,1,1,1,0,1,0,1,1,,,Feature enabled; thresholds are existing $10k/$35k/$80k/$150k cumulative real paid spend with prior-level completion and one-per-wake arbitration. Only one club per designated trap policy. Main uses real F06 spend; missing level is not an unreachable verdict.,()=>C().available(id),[],"[{""id"":""f15:F15_ROSALYN_L1"",""adventure"":""F15_ROSALYN_L1"",""action"":null,""thread"":""rosalyn"",""minDay"":null,""maxDay"":null,""cooldown"":null,""life"":[3,5],""weight"":1,""priority"":55,""when"":null}]"
F15_ROSALYN_L2,Paid F06 MAKE IT RAIN spend for this club → sequential F15 InstaHoe DM,OBSERVED final build before first ending,89,4,4,4,0,0,0,0,89,10,10,10,0,0,0,0,18,1,1,1,0,0,0,0,1,0,0,0,0,0,0,0,1,1,1,0,1,0,1,1,,,Feature enabled; thresholds are existing $10k/$35k/$80k/$150k cumulative real paid spend with prior-level completion and one-per-wake arbitration. Only one club per designated trap policy. Main uses real F06 spend; missing level is not an unreachable verdict.,()=>C().available(id),[],"[{""id"":""f15:F15_ROSALYN_L2"",""adventure"":""F15_ROSALYN_L2"",""action"":null,""thread"":""rosalyn"",""minDay"":null,""maxDay"":null,""cooldown"":null,""life"":[3,5],""weight"":1,""priority"":55,""when"":null}]"
F15_ROSALYN_L3,Paid F06 MAKE IT RAIN spend for this club → sequential F15 InstaHoe DM,OBSERVED final build before first ending,89,3,3,3,0,0,0,0,89,8,8,8,0,0,0,0,18,1,1,1,0,0,0,0,1,0,0,0,0,0,0,0,1,1,1,0,1,0,1,1,,,Feature enabled; thresholds are existing $10k/$35k/$80k/$150k cumulative real paid spend with prior-level completion and one-per-wake arbitration. Only one club per designated trap policy. Main uses real F06 spend; missing level is not an unreachable verdict.,()=>C().available(id),[],"[{""id"":""f15:F15_ROSALYN_L3"",""adventure"":""F15_ROSALYN_L3"",""action"":null,""thread"":""rosalyn"",""minDay"":null,""maxDay"":null,""cooldown"":null,""life"":[3,5],""weight"":1,""priority"":55,""when"":null}]"
F15_ROSALYN_L4,Paid F06 MAKE IT RAIN spend for this club → sequential F15 InstaHoe DM,OBSERVED final build before first ending,89,0,0,0,0,0,0,0,89,6,6,6,0,0,0,0,18,1,1,1,0,0,0,0,1,0,0,0,0,0,0,0,1,1,1,0,1,0,1,1,,,Feature enabled; thresholds are existing $10k/$35k/$80k/$150k cumulative real paid spend with prior-level completion and one-per-wake arbitration. Only one club per designated trap policy. Main uses real F06 spend; missing level is not an unreachable verdict.,()=>C().available(id),[],"[{""id"":""f15:F15_ROSALYN_L4"",""adventure"":""F15_ROSALYN_L4"",""action"":null,""thread"":""rosalyn"",""minDay"":null,""maxDay"":null,""cooldown"":null,""life"":[3,5],""weight"":1,""priority"":55,""when"":null}]"
F15_ROXY_L1,Paid F06 MAKE IT RAIN spend for this club → sequential F15 InstaHoe DM,OBSERVED final build before first ending,89,10,10,10,0,0,0,0,89,10,10,10,0,0,0,0,18,1,1,1,0,0,0,0,1,1,1,0,1,0,1,1,1,1,1,1,0,1,0,1,,,Feature enabled; thresholds are existing $10k/$35k/$80k/$150k cumulative real paid spend with prior-level completion and one-per-wake arbitration. Only one club per designated trap policy. Main uses real F06 spend; missing level is not an unreachable verdict.,()=>C().available(id),[],"[{""id"":""f15:F15_ROXY_L1"",""adventure"":""F15_ROXY_L1"",""action"":null,""thread"":""roxy"",""minDay"":null,""maxDay"":null,""cooldown"":null,""life"":[3,5],""weight"":1,""priority"":55,""when"":null}]"
F15_ROXY_L2,Paid F06 MAKE IT RAIN spend for this club → sequential F15 InstaHoe DM,OBSERVED final build before first ending,89,8,8,8,0,0,0,0,89,10,10,10,0,0,0,0,18,1,1,1,0,0,0,0,1,1,1,0,1,0,1,1,1,1,1,1,0,1,0,1,,,Feature enabled; thresholds are existing $10k/$35k/$80k/$150k cumulative real paid spend with prior-level completion and one-per-wake arbitration. Only one club per designated trap policy. Main uses real F06 spend; missing level is not an unreachable verdict.,()=>C().available(id),[],"[{""id"":""f15:F15_ROXY_L2"",""adventure"":""F15_ROXY_L2"",""action"":null,""thread"":""roxy"",""minDay"":null,""maxDay"":null,""cooldown"":null,""life"":[3,5],""weight"":1,""priority"":55,""when"":null}]"
F15_ROXY_L3,Paid F06 MAKE IT RAIN spend for this club → sequential F15 InstaHoe DM,OBSERVED final build before first ending,89,6,6,6,0,0,0,0,89,8,8,8,0,0,0,0,18,1,1,1,0,0,0,0,1,0,0,0,0,0,0,0,1,1,1,1,0,1,0,1,,,Feature enabled; thresholds are existing $10k/$35k/$80k/$150k cumulative real paid spend with prior-level completion and one-per-wake arbitration. Only one club per designated trap policy. Main uses real F06 spend; missing level is not an unreachable verdict.,()=>C().available(id),[],"[{""id"":""f15:F15_ROXY_L3"",""adventure"":""F15_ROXY_L3"",""action"":null,""thread"":""roxy"",""minDay"":null,""maxDay"":null,""cooldown"":null,""life"":[3,5],""weight"":1,""priority"":55,""when"":null}]"
F15_ROXY_L4,Paid F06 MAKE IT RAIN spend for this club → sequential F15 InstaHoe DM,OBSERVED final build before first ending,89,0,0,0,0,0,0,0,89,4,4,4,0,0,0,0,18,1,1,1,0,0,0,0,1,0,0,0,0,0,0,0,1,1,1,1,0,1,0,1,,,Feature enabled; thresholds are existing $10k/$35k/$80k/$150k cumulative real paid spend with prior-level completion and one-per-wake arbitration. Only one club per designated trap policy. Main uses real F06 spend; missing level is not an unreachable verdict.,()=>C().available(id),[],"[{""id"":""f15:F15_ROXY_L4"",""adventure"":""F15_ROXY_L4"",""action"":null,""thread"":""roxy"",""minDay"":null,""maxDay"":null,""cooldown"":null,""life"":[3,5],""weight"":1,""priority"":55,""when"":null}]"
FISHTANK,"Buy FISH TANK ($400,000) → CASTLE custom room handler",OBSERVED final build only in separate continuation,89,0,0,0,0,0,0,0,89,0,0,0,0,0,0,0,18,1,1,0,1,0,0,0,1,0,0,0,0,0,0,0,1,1,1,0,1,0,1,1,,PASS isolated callback/route probe; not career exposure/economy,Main ignores this custom-go room handler. Actual ownership timing is reported separately; continuation and isolated paid entry proofs do not count before ending.,,[],[]
GALLERY,GO SOMEWHERE: gallery,OBSERVED final build before first ending,89,57,42,57,0,0,0,0,89,57,45,57,0,0,0,0,18,12,11,12,0,0,0,0,1,1,1,1,0,1,0,1,1,1,1,1,0,1,0,1,,,Actual career offer/selection counts below; zero completion in an offered life may be policy selection rather than a gate defect.,L=>L.done('A49'),[],[]
GARAGE_VIEW,"Buy GARAGE ($150,000) → CASTLE room",OBSERVED final build only in separate continuation,89,0,0,0,0,0,0,0,89,0,0,0,0,0,0,0,18,1,1,0,1,0,0,0,1,0,0,0,0,0,0,0,1,1,1,0,1,0,1,1,,PASS isolated callback/route probe; not career exposure/economy,Requires an observed paid purchase and room selection; separate continuation adds actual owned room entries.,,[],[]
GRAVE,GO SOMEWHERE: grave; vampgpt-lane,OBSERVED final build before first ending,89,89,89,89,0,0,0,0,89,89,89,89,0,0,0,0,18,18,18,18,0,0,0,0,1,1,1,1,0,1,0,1,1,1,1,1,0,1,0,1,,,Actual career offer/selection counts below; zero completion in an offered life may be policy selection rather than a gate defect.,,[],[]
HOOKAH,CASTLE/hidden: castle:roof; InstaHoe/WHAT WE ON: hookah_roof; system-call; wake-trigger,OBSERVED final build before first ending,89,10,9,10,0,0,0,0,89,10,9,10,0,0,0,0,18,3,3,2,1,0,0,0,1,1,1,0,1,0,1,1,1,1,1,1,0,1,0,1,,PASS isolated callback/route probe; not career exposure/economy; PASS isolated callback/route probe; not career exposure/economy,Actual career offer/selection counts below; zero completion in an offered life may be policy selection rather than a gate defect.,L=>L.eco?.level?.()>=1||RAEcology.level()>=1||L.hasRoom('hookah_roof'),[],"[{""id"":""hookah_roof"",""adventure"":""HOOKAH"",""action"":null,""thread"":""tristan"",""minDay"":31,""maxDay"":null,""cooldown"":9,""life"":[2,4],""weight"":1,""priority"":null,""when"":""L=>!!RAAdventures.get('HOOKAH')""}]"
HOST,After A26 → PARTY HALL repeatable party themes,OBSERVED final build before first ending,89,0,0,0,0,0,0,0,89,8,7,8,0,0,0,0,18,2,2,1,1,0,0,0,1,1,1,0,1,0,1,1,1,1,1,1,0,1,0,1,,,"Depends on paid hall ownership, completion of A26 and selection of a party theme. Historical route proof passes.",L=>L.done('A26'),[],"[{""id"":""host_invite"",""adventure"":""HOST"",""action"":null,""thread"":null,""minDay"":31,""maxDay"":null,""cooldown"":10,""life"":[2,4],""weight"":1,""priority"":null,""when"":""L=>!!RAAdventures.get('HOST')&&L.hasRoom('party_hall')""}]"
JOLLOF_WARS,WHAT WE ON: jollof_wars_sunday; scene-call,OBSERVED final build before first ending,89,82,33,82,0,0,0,0,89,85,49,85,0,0,0,0,18,18,14,17,1,0,0,0,1,1,1,1,0,1,0,1,1,1,1,1,0,1,0,1,,,Actual career offer/selection counts below; zero completion in an offered life may be policy selection rather than a gate defect.,L=>L.done('A43'),[],"[{""id"":""jollof_wars_sunday"",""adventure"":""JOLLOF_WARS"",""action"":null,""thread"":null,""minDay"":31,""maxDay"":null,""cooldown"":20,""life"":[2,4],""weight"":2,""priority"":null,""when"":""L=>L.done('A43')&&L.info.sunday&&((L.day-1)%28)<7""}]"
KITCHEN,"Buy KITCHEN ($85,000) → CASTLE room",OBSERVED final build in supplemental pre-ending policy,89,0,0,0,0,0,0,0,89,0,0,0,0,0,0,0,18,4,4,0,4,0,0,0,1,0,0,0,0,0,0,0,1,1,1,1,0,1,0,1,,PASS isolated callback/route probe; not career exposure/economy,Main purchase policy records price and ownership but does not generally revisit owned rooms; continuation adds actual owned room entries.,,[],[]
KUSH,GO SOMEWHERE: kush,OBSERVED final build before first ending,89,89,37,89,0,0,0,0,89,89,37,89,0,0,0,0,18,18,8,18,0,0,0,0,1,1,1,1,0,1,0,1,1,1,1,1,0,1,0,1,,,Actual career offer/selection counts below; zero completion in an offered life may be policy selection rather than a gate defect.,L=>L.done('A09'),[],[]
MAID,Buy MAID QUARTERS → A39 hires Marisol → same CASTLE room,OBSERVED final build in supplemental pre-ending policy,89,0,0,0,0,0,0,0,89,0,0,0,0,0,0,0,18,1,1,0,1,0,0,0,1,0,0,0,0,0,0,0,1,1,1,1,0,1,0,1,MAID: PASS,,"Only explorer targets this room, and hiring must occur before repeatable MAID can be selected. Historical paid room route proof passes.",L=>!!L.flag('marisolHired'),[],[]
MOONIE_MEET,VENICE → PULL-UPS ON THE RIM; wake-trigger,OBSERVED final build before first ending,89,18,18,18,0,0,0,0,89,18,18,18,0,0,0,0,18,3,3,3,0,0,0,0,1,1,1,1,0,1,0,1,1,1,1,1,0,1,0,1,,,Actual career offer/selection counts below; zero completion in an offered life may be policy selection rather than a gate defect.,,[],[]
MOVIE,"Buy MOVIE ROOM ($110,000) → CASTLE room",OBSERVED final build in supplemental pre-ending policy,89,0,0,0,0,0,0,0,89,0,0,0,0,0,0,0,18,2,2,0,2,0,0,0,1,0,0,0,0,0,0,0,1,1,1,1,0,1,0,1,,PASS isolated callback/route probe; not career exposure/economy,Requires an observed paid purchase and room selection; separate continuation adds actual owned room entries.,,[],[]
NAIJA,GO SOMEWHERE: naija_mart,OBSERVED final build before first ending,89,89,48,89,0,0,0,0,89,89,51,89,0,0,0,0,18,18,11,18,0,0,0,0,1,1,1,1,0,1,0,1,1,1,1,1,0,1,0,1,,,Actual career offer/selection counts below; zero completion in an offered life may be policy selection rather than a gate defect.,L=>L.done('A43'),[],[]
NEIGHBOR_CASTLE,VampGPT → FIND A PARTY (repeatable parties rotate by day),OBSERVED final build before first ending,89,40,40,40,0,0,0,0,89,39,39,39,0,0,0,0,18,10,10,10,0,0,0,0,1,1,1,1,0,1,0,1,1,1,1,1,0,1,0,1,NEIGHBOR_CASTLE: PASS,,Actual career offer/selection counts below; zero completion in an offered life may be policy selection rather than a gate defect.,,[],[]
NEW_OGA_ALTERNATIVE,wake trigger; wake-trigger,OBSERVED final build before first ending,89,6,6,6,0,0,0,0,89,2,2,2,0,0,0,0,18,2,2,2,0,0,0,0,1,0,0,0,0,0,0,0,1,0,0,0,0,0,0,0,,,Actual career offer/selection counts below; zero completion in an offered life may be policy selection rather than a gate defect.,L=>L.life.newOga.alternativePending&&L.day>L.life.newOga.lastMissionDay,"[{""adventure"":""NEW_OGA_ALTERNATIVE"",""priority"":81,""when"":""L=>L.life.newOga.alternativePending&&L.day>L.life.newOga.lastMissionDay""}]",[]
NEW_OGA_FINALE,wake trigger,OBSERVED final build before first ending,89,28,28,28,0,0,0,0,89,26,26,26,0,0,0,0,18,5,5,4,1,0,0,0,1,1,1,1,0,1,0,1,1,0,0,0,0,0,0,0,,,Actual career offer/selection counts below; zero completion in an offered life may be policy selection rather than a gate defect.,"S=>{
  if(!enabled())return false;
  const s=S.life?.newOga;if(!s||!s.finaleBegun||s.finaleDone)return false;
  return S.day>s.lastMissionDay;
 }","[{""adventure"":""NEW_OGA_FINALE"",""priority"":72,""when"":""S=>{\r\n  if(!enabled())return false;\r\n  const s=S.life?.newOga;if(!s||!s.finaleBegun||s.finaleDone)return false;\r\n  return S.day>s.lastMissionDay;\r\n }""}]",[]
NEW_OGA_M1,wake trigger; wake-trigger,OBSERVED final build before first ending,89,85,85,85,0,0,0,0,89,84,84,84,0,0,0,0,18,16,16,16,0,0,0,0,1,1,1,1,0,1,0,1,1,1,1,1,0,1,0,1,,,Actual career offer/selection counts below; zero completion in an offered life may be policy selection rather than a gate defect.,L=>L.day>=8&&L.day<=12&&L.life.newOga.status==='unstarted'&&(L.done('A08')||L.money<40000),"[{""adventure"":""NEW_OGA_M1"",""priority"":85,""when"":""L=>L.day>=8&&L.day<=12&&L.life.newOga.status==='unstarted'&&(L.done('A08')||L.money<40000)""}]",[]
NEW_OGA_M10,wake trigger,OBSERVED final build before first ending,89,28,28,28,0,0,0,0,89,26,26,26,0,0,0,0,18,5,5,5,0,0,0,0,1,1,1,1,0,1,0,1,1,0,0,0,0,0,0,0,,,Actual career offer/selection counts below; zero completion in an offered life may be policy selection rather than a gate defect.,"S=>{
  if(!enabled())return false;
  const s=S.life?.newOga;if(!s||!s.m9Resolved||s.m9GrantsWithheld||s.m10Completed||s.finaleBegun)return false;
  return S.day>s.lastMissionDay;
 }","[{""adventure"":""NEW_OGA_M10"",""priority"":75,""when"":""L=>flags().enabled(flag)&&def.when(L)""}]",[]
NEW_OGA_M2,wake trigger; wake-trigger,OBSERVED final build before first ending,89,57,57,57,0,0,0,0,89,55,55,55,0,0,0,0,18,11,11,11,0,0,0,0,1,1,1,1,0,1,0,1,1,1,1,1,0,1,0,1,,,Actual career offer/selection counts below; zero completion in an offered life may be policy selection rather than a gate defect.,L=>L.life.newOga.status==='awaiting_interview'&&L.day>L.life.newOga.lastMissionDay,"[{""adventure"":""NEW_OGA_M2"",""priority"":84,""when"":""L=>L.life.newOga.status==='awaiting_interview'&&L.day>L.life.newOga.lastMissionDay""}]",[]
NEW_OGA_M3,wake trigger; wake-trigger,OBSERVED final build before first ending,89,32,32,32,0,0,0,0,89,31,31,31,0,0,0,0,18,7,7,7,0,0,0,0,1,1,1,1,0,1,0,1,1,0,0,0,0,0,0,0,,,Actual career offer/selection counts below; zero completion in an offered life may be policy selection rather than a gate defect.,L=>L.life.newOga.status==='intern'&&L.life.newOga.mission===2&&L.day>L.life.newOga.lastMissionDay,"[{""adventure"":""NEW_OGA_M3"",""priority"":83,""when"":""L=>L.life.newOga.status==='intern'&&L.life.newOga.mission===2&&L.day>L.life.newOga.lastMissionDay""}]",[]
NEW_OGA_M4,wake trigger; wake-trigger,OBSERVED final build before first ending,89,28,28,28,0,0,0,0,89,26,26,26,0,0,0,0,18,5,5,5,0,0,0,0,1,1,1,1,0,1,0,1,1,0,0,0,0,0,0,0,,,Actual career offer/selection counts below; zero completion in an offered life may be policy selection rather than a gate defect.,L=>L.life.newOga.status==='intern'&&L.life.newOga.mission===3&&L.life.newOga.carlosMutual&&hasCar(L)&&L.day>L.life.newOga.lastMissionDay,"[{""adventure"":""NEW_OGA_M4"",""priority"":82,""when"":""L=>L.life.newOga.status==='intern'&&L.life.newOga.mission===3&&L.life.newOga.carlosMutual&&hasCar(L)&&L.day>L.life.newOga.lastMissionDay""}]",[]
NEW_OGA_M5,wake trigger; wake-trigger,OBSERVED final build before first ending,89,28,28,28,0,0,0,0,89,26,26,26,0,0,0,0,18,5,5,5,0,0,0,0,1,1,1,1,0,1,0,1,1,0,0,0,0,0,0,0,,,Actual career offer/selection counts below; zero completion in an offered life may be policy selection rather than a gate defect.,L=>L.life.newOga.rank===3&&L.life.newOga.mission===4&&!L.life.newOga.m5Completed&&L.day>L.life.newOga.lastMissionDay,"[{""adventure"":""NEW_OGA_M5"",""priority"":80,""when"":""L=>L.life.newOga.rank===3&&L.life.newOga.mission===4&&!L.life.newOga.m5Completed&&L.day>L.life.newOga.lastMissionDay""}]",[]
NEW_OGA_M6,wake trigger; wake-trigger,OBSERVED final build before first ending,89,28,28,28,0,0,0,0,89,26,26,26,0,0,0,0,18,5,5,5,0,0,0,0,1,1,1,1,0,1,0,1,1,0,0,0,0,0,0,0,,,Actual career offer/selection counts below; zero completion in an offered life may be policy selection rather than a gate defect.,L=>L.life.newOga.m5Completed&&!L.life.newOga.m6Completed&&L.day>L.life.newOga.lastMissionDay,"[{""adventure"":""NEW_OGA_M6"",""priority"":79,""when"":""L=>L.life.newOga.m5Completed&&!L.life.newOga.m6Completed&&L.day>L.life.newOga.lastMissionDay""}]",[]
NEW_OGA_M7,wake trigger; wake-trigger,OBSERVED final build before first ending,89,28,28,28,0,0,0,0,89,26,26,26,0,0,0,0,18,5,5,5,0,0,0,0,1,1,1,1,0,1,0,1,1,0,0,0,0,0,0,0,,,Actual career offer/selection counts below; zero completion in an offered life may be policy selection rather than a gate defect.,L=>L.life.newOga.rank4Granted&&L.life.newOga.rank===4&&L.life.newOga.m7Eligible&&!L.life.newOga.m7Completed&&L.day>L.life.newOga.lastMissionDay,"[{""adventure"":""NEW_OGA_M7"",""priority"":78,""when"":""L=>L.life.newOga.rank4Granted&&L.life.newOga.rank===4&&L.life.newOga.m7Eligible&&!L.life.newOga.m7Completed&&L.day>L.life.newOga.lastMissionDay""}]",[]
NEW_OGA_M8,wake trigger,OBSERVED final build before first ending,89,28,28,28,0,0,0,0,89,26,26,26,0,0,0,0,18,5,5,5,0,0,0,0,1,1,1,1,0,1,0,1,1,0,0,0,0,0,0,0,,,Actual career offer/selection counts below; zero completion in an offered life may be policy selection rather than a gate defect.,"S=>{
  if(!enabled())return false;
  const s=S.life?.newOga;if(!s)return false;
  return !!s.m7Completed&&!s.m8Resolved&&S.day>s.lastMissionDay;
 }","[{""adventure"":""NEW_OGA_M8"",""priority"":77,""when"":""S=>{\r\n  if(!enabled())return false;\r\n  const s=S.life?.newOga;if(!s)return false;\r\n  return !!s.m7Completed&&!s.m8Resolved&&S.day>s.lastMissionDay;\r\n }""}]",[]
NEW_OGA_M9,wake trigger,OBSERVED final build before first ending,89,28,28,28,0,0,0,0,89,26,26,26,0,0,0,0,18,5,5,5,0,0,0,0,1,1,1,1,0,1,0,1,1,0,0,0,0,0,0,0,,,Actual career offer/selection counts below; zero completion in an offered life may be policy selection rather than a gate defect.,"S=>{
  if(!enabled())return false;
  const s=S.life?.newOga;if(!s)return false;
  return !!s.m8Resolved&&!s.m9Resolved&&S.day>s.lastMissionDay&&!!favoriteCar();
 }","[{""adventure"":""NEW_OGA_M9"",""priority"":76,""when"":""L=>flags().enabled(flag)&&def.when(L)""}]",[]
NEW_OGA_VAMPGPT,wake trigger,OBSERVED final build before first ending,89,28,28,28,0,0,0,0,89,26,26,26,0,0,0,0,18,5,5,5,0,0,0,0,1,1,1,1,0,1,0,1,1,0,0,0,0,0,0,0,,,Actual career offer/selection counts below; zero completion in an offered life may be policy selection rather than a gate defect.,"S=>{
  if(!enabled())return false;
  const s=S.life?.newOga;if(!s||!s.m9Resolved||s.finaleBegun)return false;
  if(!s.m10Completed&&!s.m9GrantsWithheld)return false;
  if(s.m10VampgptReaskDay!=null&&S.day<s.m10VampgptReaskDay)return false;
  return S.day>s.lastMissionDay;
 }","[{""adventure"":""NEW_OGA_VAMPGPT"",""priority"":74,""when"":""S=>{\r\n  if(!enabled())return false;\r\n  const s=S.life?.newOga;if(!s||!s.m9Resolved||s.finaleBegun)return false;\r\n  if(!s.m10Completed&&!s.m9GrantsWithheld)return false;\r\n  if(s.m10VampgptReaskDay!=null&&S.day<s.m10VampgptReaskDay)return false;\r\n  return S.day>s.lastMissionDay;\r\n }""}]",[]
PEKING,GO SOMEWHERE: peking,OBSERVED final build before first ending,89,89,89,89,0,0,0,0,89,89,89,89,0,0,0,0,18,18,18,18,0,0,0,0,1,1,1,1,0,1,0,1,1,1,1,1,0,1,0,1,,,Actual career offer/selection counts below; zero completion in an offered life may be policy selection rather than a gate defect.,,[],[]
PIER,"GO SOMEWHERE → SANTA MONICA PIER → PIER (repeatable, once a night) after A12",OBSERVED final build before first ending,89,14,11,14,0,0,0,0,89,15,14,15,0,0,0,0,18,6,6,5,1,0,0,0,1,0,0,0,0,0,0,0,1,1,1,1,0,1,0,1,PIER: PASS,,Actual career offer/selection counts below; zero completion in an offered life may be policy selection rather than a gate defect.,L=>L.done('A12'),[],"[{""id"":""pier_money"",""adventure"":""PIER"",""action"":null,""thread"":null,""minDay"":31,""maxDay"":null,""cooldown"":5,""life"":[2,4],""weight"":1.2,""priority"":null,""when"":""L=>!!RAAdventures.get('PIER')""}]"
RB_DELIVERY,RICHBOIIMPORTS actual purchase → delivery adventure,OBSERVED final build before first ending,89,0,0,0,0,0,0,0,89,7,7,7,0,0,0,0,18,1,1,1,0,0,0,0,1,0,0,0,0,0,0,0,1,1,1,0,1,0,1,1,,,"Requires the $500,000 net-worth/duchessTease app unlock and a paid catalog purchase; policy ownership rows distinguish pre-ending from later access.",,[],[]
RE_VIEWING,REALMONEYREALESTATE → SEE IT WITH SHANNON on a later listing after Paloma,OBSERVED final build in supplemental pre-ending policy,89,0,0,0,0,0,0,0,89,0,0,0,0,0,0,0,18,0,0,0,0,0,0,0,1,1,1,1,0,1,0,1,1,1,1,1,0,1,0,1,,PASS isolated callback/route probe; not career exposure/economy,Main buys the legacy Paloma property and collects real rent; it does not select subsequent listing viewings. Isolated real app callback passes.,,[],[]
RETWIST,GO SOMEWHERE: salon; WHAT WE ON: w2_retwist; WHAT WE ON: retwist_locs; system-call,OBSERVED final build before first ending,89,85,80,85,0,0,0,0,89,89,84,89,0,0,0,0,18,18,18,18,0,0,0,0,1,1,1,1,0,1,0,1,1,1,1,1,0,1,0,1,,,Actual career offer/selection counts below; zero completion in an offered life may be policy selection rather than a gate defect.,L=>L.done('A48'),[],"[{""id"":""w2_retwist"",""adventure"":""L=>L.done('A48')?'RETWIST':'A48'"",""action"":null,""thread"":null,""minDay"":null,""maxDay"":null,""cooldown"":10,""life"":[2,4],""weight"":1.5,""priority"":null,""when"":""L=>L.flag('locsBloody')||L.day-(L.flag('lastRetwistDay')||0)>=14""},{""id"":""retwist_locs"",""adventure"":""RETWIST"",""action"":null,""thread"":null,""minDay"":31,""maxDay"":null,""cooldown"":12,""life"":[2,4],""weight"":1,""priority"":null,""when"":""L=>!!RAAdventures.get('RETWIST')""}]"
ROOFTOP_DTLA,VampGPT → MEET PEOPLE → FIND A PARTY → rotating rooftop party,OBSERVED final build before first ending,89,40,40,40,0,0,0,0,89,39,39,39,0,0,0,0,18,9,9,9,0,0,0,0,1,1,1,0,1,0,1,1,1,1,1,1,0,1,0,1,,,Real party rotation and the capped people-lane display control this repeatable entry.,,[],[]
ROOST,"Own a dragon and buy DRAGON ROOST ($90,000) → CASTLE room",OBSERVED final build in supplemental pre-ending policy,89,0,0,0,0,0,0,0,89,0,0,0,0,0,0,0,18,2,2,0,2,0,0,0,1,0,0,0,0,0,0,0,1,1,1,1,0,1,0,1,,PASS isolated callback/route probe; not career exposure/economy,Requires both paid ownership and dragon care; continuation adds actual owned room entries and actual dragon care.,,[],[]
SHOP,GO SOMEWHERE → FLORIST ON SUNSET custom-go handler,OBSERVED final build in supplemental pre-ending policy,89,0,0,0,0,0,0,0,89,0,0,0,0,0,0,0,18,0,0,0,0,0,0,0,1,1,1,1,0,1,0,1,1,1,1,1,0,1,0,1,,PASS isolated callback/route probe; not career exposure/economy,"Main place policy only selects adventure-valued destinations, skipping custom-go florist. Separate ordinary fresh menu callback passes.",,[],[]
SHOW,GO SOMEWHERE: catacomb; system-call; vampgpt-lane,OBSERVED final build before first ending,89,89,75,89,0,0,0,0,89,89,75,89,0,0,0,0,18,18,13,18,0,0,0,0,1,1,1,1,0,1,0,1,1,1,1,1,0,1,0,1,,,Actual career offer/selection counts below; zero completion in an offered life may be policy selection rather than a gate defect.,L=>L.done('A14'),[],[]
SLURP,GO SOMEWHERE: slurp; WHAT WE ON: slurp_shift; system-call; vampgpt-lane,OBSERVED final build before first ending,89,89,74,89,0,0,0,0,89,89,76,89,0,0,0,0,18,18,18,18,0,0,0,0,1,1,1,1,0,1,0,1,1,1,1,1,0,1,0,1,,,Actual career offer/selection counts below; zero completion in an offered life may be policy selection rather than a gate defect.,L=>L.done('A08'),[],"[{""id"":""slurp_shift"",""adventure"":""SLURP"",""action"":null,""thread"":null,""minDay"":31,""maxDay"":null,""cooldown"":8,""life"":[2,4],""weight"":0.8,""priority"":null,""when"":""L=>!!RAAdventures.get('SLURP')""}]"
TACOS,GO SOMEWHERE: tacos; system-call,OBSERVED final build before first ending,89,89,89,89,0,0,0,0,89,89,89,89,0,0,0,0,18,18,18,18,0,0,0,0,1,1,1,1,0,1,0,1,1,1,1,1,0,1,0,1,,,Actual career offer/selection counts below; zero completion in an offered life may be policy selection rather than a gate defect.,,[],[]
TANDEM_BATTLE,WHAT WE ON: tandem_challenge; scene-call; vampgpt-lane,OBSERVED final build before first ending,89,57,56,57,0,0,0,0,89,59,59,59,0,0,0,0,18,8,8,8,0,0,0,0,1,1,1,1,0,1,0,1,1,1,1,1,0,1,0,1,,,Actual career offer/selection counts below; zero completion in an offered life may be policy selection rather than a gate defect.,L=>L.done('A13'),[],"[{""id"":""tandem_challenge"",""adventure"":""TANDEM_BATTLE"",""action"":null,""thread"":null,""minDay"":31,""maxDay"":null,""cooldown"":6,""life"":[2,4],""weight"":1,""priority"":null,""when"":""L=>!!RAAdventures.get('TANDEM_BATTLE')&&(L.life.ownership.cars||[]).length>0""}]"
THRONE,CASTLE → always available THRONE ROOM,OBSERVED final build in supplemental pre-ending policy,89,0,0,0,0,0,0,0,89,0,0,0,0,0,0,0,18,0,0,0,0,0,0,0,1,1,1,1,0,1,0,1,1,1,1,1,0,1,0,1,,PASS isolated callback/route probe; not career exposure/economy,Main opening marks throneDone as a routing fixture and does not visit this repeatable room adventure. Isolated ordinary room route passes.,,[],[]
VENICE,GO SOMEWHERE: venice,OBSERVED final build before first ending,89,89,33,89,0,0,0,0,89,89,36,89,0,0,0,0,18,18,5,18,0,0,0,0,1,1,1,1,0,1,0,1,1,1,1,1,0,1,0,1,,,Actual career offer/selection counts below; zero completion in an offered life may be policy selection rather than a gate defect.,,[],[]
