label,persona,item,lives,purchased,beforeEnding,purchase_n,purchase_median,purchase_min,purchase_max,recordedEligibility_n,recordedEligibility_median,recordedEligibility_min,recordedEligibility_max
before,homebody,room:kitchen,10,10,10,10,29,29,29,10,1,1,1
before,landlord,car:supra,10,10,10,10,1,1,1,0,,,
before,landlord,property:paloma,10,10,10,10,29,22,29,0,,,
before,landlord,room:garage,10,1,1,1,32,32,32,2,29,29,29
before,weirdo,room:hookah_roof,10,10,10,10,1,1,1,10,1,1,1
before,trap_committed,car:supra,10,10,10,10,1,1,1,0,,,
before,trap_committed,trap:the_bando,10,10,10,10,29,24,29,0,,,
before,trap_committed,trap:the_cul_de_sac,10,6,6,6,30,29,33,0,,,
before,trap_careful,car:supra,10,10,10,10,1,1,1,0,,,
before,trap_careful,trap:the_bando,10,10,10,10,29,29,29,0,,,
before,trap_aggressive,car:supra,10,10,10,10,1,1,1,0,,,
before,trap_aggressive,trap:the_bando,10,7,7,7,29,29,29,0,,,
before,trap_wholesale,car:supra,10,10,10,10,1,1,1,0,,,
before,trap_wholesale,trap:the_bando,10,10,10,10,29,29,29,0,,,
before,collector,car:supra,9,9,9,9,1,1,1,0,,,
after,homebody,room:kitchen,10,10,10,10,29,29,29,10,1,1,1
after,landlord,car:supra,10,10,10,10,1,1,1,0,,,
after,landlord,property:paloma,10,10,10,10,29,16,29,0,,,
after,landlord,room:garage,10,3,3,3,32,31,32,4,29,29,33
after,weirdo,room:dragon_roost,10,1,1,1,29,29,29,2,29,29,29
after,weirdo,room:hookah_roof,10,10,10,10,1,1,1,10,1,1,1
after,trap_committed,car:supra,10,10,10,10,1,1,1,0,,,
after,trap_committed,car:urus,10,7,7,7,31,29,33,7,31,29,33
after,trap_committed,room:fish_tank,10,5,5,5,35,32,35,8,34.5,32,35
after,trap_committed,room:party_hall,10,9,9,9,25,23,29,9,25,23,29
after,trap_committed,trap:laundromat_back_room,10,9,9,9,29,28,33,0,,,
after,trap_committed,trap:the_bando,10,10,10,10,18.5,17,24,0,,,
after,trap_committed,trap:the_cul_de_sac,10,10,10,10,22,19,29,0,,,
after,trap_careful,car:supra,10,10,10,10,1,1,1,0,,,
after,trap_careful,room:party_hall,10,1,1,1,34,34,34,1,33,33,33
after,trap_careful,trap:the_bando,10,10,10,10,29,26,29,0,,,
after,trap_careful,trap:the_cul_de_sac,10,3,3,3,31,29,32,0,,,
after,trap_aggressive,car:supra,10,10,10,10,1,1,1,0,,,
after,trap_aggressive,room:party_hall,10,5,5,5,25,19,27,6,26,19,29
after,trap_aggressive,trap:laundromat_back_room,10,7,7,7,29,26,31,0,,,
after,trap_aggressive,trap:the_bando,10,10,10,10,18,17,29,0,,,
after,trap_aggressive,trap:the_cul_de_sac,10,7,7,7,20,18,29,0,,,
after,trap_wholesale,car:supra,10,10,10,10,1,1,1,0,,,
after,trap_wholesale,room:party_hall,10,1,1,1,30,30,30,3,32,29,35
after,trap_wholesale,trap:laundromat_back_room,10,1,1,1,33,33,33,0,,,
after,trap_wholesale,trap:the_bando,10,10,10,10,28.5,20,29,0,,,
after,trap_wholesale,trap:the_cul_de_sac,10,5,5,5,29,24,29,0,,,
after,collector,car:supra,9,9,9,9,1,1,1,0,,,
