label,persona,lives,ending_n,ending_median,ending_min,ending_max,finalDay_n,finalDay_median,finalDay_min,finalDay_max,cash_n,cash_median,cash_min,cash_max,netWorth_n,netWorth_median,netWorth_min,netWorth_max,elapsed_n,elapsed_median,elapsed_min,elapsed_max,rooms_n,rooms_median,rooms_min,rooms_max,cars_n,cars_median,cars_min,cars_max,partyHallRecordedEligibility_n,partyHallRecordedEligibility_median,partyHallRecordedEligibility_min,partyHallRecordedEligibility_max,partyHallEndOfDayCash250k_n,partyHallEndOfDayCash250k_median,partyHallEndOfDayCash250k_min,partyHallEndOfDayCash250k_max,partyHallPurchase_n,partyHallPurchase_median,partyHallPurchase_min,partyHallPurchase_max,relationMax_n,relationMax_median,relationMax_min,relationMax_max,warRoomFirstDay_n,warRoomFirstDay_median,warRoomFirstDay_min,warRoomFirstDay_max,playCalls_n,playCalls_median,playCalls_min,playCalls_max,partyHallBy30,partyHallPreEnding,level3Lives,level4Lives,warRoomAccepted
before,homebody,10,10,36,36,36,10,36,36,36,10,100971,92416,108649,10,143471,134916,151149,10,70.3695,56.913,95.589,10,1,1,1,10,0,0,0,0,,,,0,,,,0,,,,10,3,3,3,0,,,,10,0,0,0,0,0,10,0,0
before,party,10,10,36,36,36,10,36,36,36,10,153125.5,119329,189232,10,153125.5,119329,189232,10,160.5455,118.287,193.168,10,0,0,0,10,0,0,0,0,,,,0,,,,0,,,,10,3,3,4,0,,,,10,0,0,0,0,0,10,2,0
before,landlord,10,10,36,36,36,10,36,36,36,10,107192.5,20442,169267,10,219192.5,195550,281267,10,99.4515,74.658,143.479,10,0,0,1,10,1,0,1,0,,,,0,,,,0,,,,10,4,3,4,0,,,,10,0,0,17,0,0,10,9,0
before,weirdo,10,10,36,36,36,10,36,36,36,10,29641.5,2698,114254,10,67141.5,40198,151754,10,102.035,87.253,119.206,10,1,1,1,10,0,0,0,0,,,,0,,,,0,,,,10,3,3,3,0,,,,10,0,0,0,0,0,10,0,0
before,trap_committed,10,10,36,36,36,10,36,36,36,10,129398.5,47878,152942,10,207398.5,125878,230942,10,110.983,77.897,156.105,10,0,0,0,10,1,0,1,0,,,,0,,,,0,,,,10,2,2,3,0,,,,10,17,0,17,0,0,2,0,0
before,trap_careful,10,10,36,36,36,10,36,36,36,10,78618,60180,83554,10,156618,138180,161554,10,108.1905,82.293,118.162,10,0,0,0,10,1,0,1,0,,,,0,,,,0,,,,10,2,2,3,0,,,,10,17,0,17,0,0,4,0,0
before,trap_aggressive,10,10,36,36,36,10,36,36,36,10,24606.5,10044,37317,10,102606.5,88044,115317,10,98.345,73.918,125.35,10,0,0,0,10,1,0,1,0,,,,0,,,,0,,,,10,3,3,3,0,,,,10,0,0,17,0,0,10,0,0
before,trap_wholesale,10,10,36,36,36,10,36,36,36,10,44167.5,29770,59037,10,122167.5,107770,137037,10,112.14150000000001,88.96,145.913,10,0,0,0,10,1,0,1,0,,,,0,,,,0,,,,10,3,3,3,0,,,,10,0,0,17,0,0,10,0,0
before,collector,9,9,36,36,36,9,36,36,36,9,104761,98130,152405,9,182761,176130,230405,9,101.967,79.207,122.532,9,0,0,0,9,1,0,1,0,,,,0,,,,0,,,,9,4,3,4,0,,,,9,0,0,10,0,0,9,7,0
after,homebody,10,10,36,36,36,10,36,36,36,10,105875,99753,112445,10,148375,142253,154945,10,70.977,57.839,93.183,10,1,1,1,10,0,0,0,0,,,,0,,,,0,,,,10,3,2,3,0,,,,10,0,0,0,0,0,9,0,0
after,party,10,10,36,36,36,10,36,36,36,10,140086.5,100325,182531,10,140086.5,100325,182531,10,149.7735,129.836,181.401,10,0,0,0,10,0,0,0,0,,,,0,,,,0,,,,10,3,3,4,0,,,,10,0,0,0,0,0,10,1,0
after,landlord,10,10,36,36,36,10,36,36,36,10,93614,25191,152375,10,221226.5,201161,264375,10,98.404,72.569,143.059,10,0,0,1,10,1,0,1,0,,,,0,,,,0,,,,10,4,3,4,0,,,,10,0,0,18,0,0,10,8,0
after,weirdo,10,10,36,36,36,10,36,36,36,10,30668,9139,120031,10,71520.5,46639,157531,10,108.71350000000001,89.275,123.556,10,1,1,2,10,0,0,0,0,,,,0,,,,0,,,,10,3,3,3,0,,,,10,0,0,0,0,0,10,0,0
after,trap_committed,10,10,36,36,36,10,36,36,36,10,193725,73067,417217,10,771026,258713,1046261,10,173.1885,139.606,221.376,10,1.5,0,2,10,2,0,2,9,25,23,29,9,31,27,34,9,25,23,29,10,3,2,3,10,16,16,17,10,41,30,57,9,9,7,0,10
after,trap_careful,10,10,36,36,36,10,36,36,36,10,79095.5,65546,186064,10,157095.5,143546,345925,10,125.015,109.055,209.14,10,0,0,1,10,0,0,1,1,33,33,33,1,33,33,33,1,34,34,34,10,2.5,2,3,9,16,16,16,10,25,17,38,0,1,5,0,9
after,trap_aggressive,10,10,36,36,36,10,36,36,36,10,124033,25105,1322390,10,236883,103105,1525390,10,169.9645,123.056,190.678,10,0.5,0,1,10,1,0,1,6,26,19,29,5,29,25,30,5,25,19,27,10,3,2,3,10,16,16,18,10,35,24,53,5,5,6,0,10
after,trap_wholesale,10,10,36,36,36,10,36,36,36,10,103871,47799,283388,10,181871,125799,445990,10,153.1015,127.979,209.32,10,0,0,1,10,1,0,1,3,32,29,35,3,32,29,35,1,30,30,30,10,3,3,4,9,16,16,21,10,25,15,37,1,1,10,2,9
after,collector,9,9,36,36,36,9,36,36,36,9,104159,93759,115148,9,182159,171759,193148,9,92.244,79.996,117.148,9,0,0,0,9,1,1,1,0,,,,0,,,,0,,,,9,4,3,4,0,,,,9,0,0,0,0,0,9,8,0
