Identity,Display Name,Kind/Role,Approved Art Path,Approval Authority,Runtime Mapping (people.js),Packaged Build File Exists,Observed Render Status,Defect ID
rich,RICH,person,assets/rich_standing_right.png,ART SHIP 004-015 Frozen Master,assets/rich_standing_right.png,YES,RENDERED AS APPROVED ART,NONE
ceo_assistant_001,THE ASSISTANT,woman,assets/assistant_idle.png,ART SHIP 004-015 Frozen Master,assets/assistant_idle.png,YES,RENDERED AS APPROVED ART,NONE
jdm_importer_daughter_001,CAMMILE,woman,assets/jdm_imports/characters/daughter/daughter_neutral.png,ART SHIP 004-015 Frozen Master,assets/jdm_imports/characters/daughter/daughter_neutral.png,YES,RENDERED AS APPROVED ART,NONE
mazda_human,BLUEBERRY MAZDA,woman,assets/before_the_fame/characters/mazda_human/blueberry_mazda_human_neutral_80x96.png,ART SHIP 004-015 Frozen Master,assets/before_the_fame/characters/mazda_human/blueberry_mazda_human_neutral_80x96.png,YES,RENDERED AS APPROVED ART,NONE
kiki,KIKI,woman,assets/before_the_fame/characters/kiki/kiki_neutral_work_80x96.png,ART SHIP 004-015 Frozen Master,assets/before_the_fame/characters/kiki/kiki_neutral_work_80x96.png,YES,RENDERED AS APPROVED ART,NONE
nneka,NNEKA,woman,assets/before_the_fame/characters/nneka/nneka_neutral_80x96.png,ART SHIP 004-015 Frozen Master,assets/before_the_fame/characters/nneka/nneka_neutral_80x96.png,YES,RENDERED AS APPROVED ART,NONE
pinky,PINKY,woman,assets/before_the_fame/characters/pinky/pinky_arms_crossed_80x96.png,ART SHIP 004-015 Frozen Master,assets/before_the_fame/characters/pinky/pinky_arms_crossed_80x96.png,YES,RENDERED AS APPROVED ART,NONE
moonie,MOONIE DORSEY,woman,assets/before_the_fame/characters/moonie/moonie_dorsey_neutral_80x96.png,ART SHIP 004-015 Frozen Master,assets/before_the_fame/characters/moonie/moonie_dorsey_neutral_80x96.png,YES,RENDERED AS APPROVED ART,NONE
kaede,KAEDE,woman,assets/before_the_fame/characters/kaede/kaede_neutral_80x96.png,ART SHIP 004-015 Frozen Master,assets/before_the_fame/characters/kaede/kaede_neutral_80x96.png,YES,RENDERED AS APPROVED ART,NONE
wispa,WISPA,woman,assets/before_the_fame/characters/wispa/wispa_neutral_80x96.png,ART SHIP 004-015 Frozen Master,assets/before_the_fame/characters/wispa/wispa_neutral_80x96.png,YES,RENDERED AS APPROVED ART,NONE
tasha,TASHA TASTEMAKER,woman,assets/before_the_fame/characters/tasha/tasha_tastemaker_filming_80x96.png,ART SHIP 004-015 Frozen Master,assets/before_the_fame/characters/tasha/tasha_tastemaker_filming_80x96.png,YES,RENDERED AS APPROVED ART,NONE
marisol,MARISOL,woman,assets/before_the_fame/characters/marisol/marisol_neutral_80x96.png,ART SHIP 004-015 Frozen Master,assets/before_the_fame/characters/marisol/marisol_neutral_80x96.png,YES,RENDERED AS APPROVED ART,NONE
duchess,DUCHESS BATHORY-BROWN,woman,assets/before_the_fame/characters/duchess/duchess_bathory_brown_neutral_80x96.png,ART SHIP 004-015 Frozen Master,assets/before_the_fame/characters/duchess/duchess_bathory_brown_neutral_80x96.png,YES,RENDERED AS APPROVED ART,NONE
nightshade,NIGHTSHADE,woman,assets/before_the_fame/characters/nightshade/nightshade_neutral_80x96.png,ART SHIP 004-015 Frozen Master,assets/before_the_fame/characters/nightshade/nightshade_neutral_80x96.png,YES,RENDERED AS APPROVED ART,NONE
emberly,EMBERLY,woman,assets/before_the_fame/characters/emberly/emberly_neutral_80x96.png,ART SHIP 004-015 Frozen Master,assets/before_the_fame/characters/emberly/emberly_neutral_80x96.png,YES,RENDERED AS APPROVED ART,NONE
jade,JADE WYRMWOOD,woman,assets/before_the_fame/characters/jade/jade_wyrmwood_neutral_80x96.png,ART SHIP 004-015 Frozen Master,assets/before_the_fame/characters/jade/jade_wyrmwood_neutral_80x96.png,YES,RENDERED AS APPROVED ART,NONE
lo,LO (DOLORES),woman,assets/before_the_fame/characters/lo/lo_dolores_neutral_80x96.png,ART SHIP 004-015 Frozen Master,assets/before_the_fame/characters/lo/lo_dolores_neutral_80x96.png,YES,RENDERED AS APPROVED ART,NONE
brenda,BRENDA FROM ACCOUNTING,woman,assets/before_the_fame/characters/brenda/brenda_neutral_80x96.png,ART SHIP 004-015 Frozen Master,assets/before_the_fame/characters/brenda/brenda_neutral_80x96.png,YES,RENDERED AS APPROVED ART,NONE
hina,HINA,woman,assets/before_the_fame/characters/hina/hina_neutral_80x96.png,ART SHIP 004-015 Frozen Master,assets/before_the_fame/characters/hina/hina_neutral_80x96.png,YES,RENDERED AS APPROVED ART,NONE
bunmi,BUNMI,woman,assets/before_the_fame/characters/bunmi/bunmi_neutral_80x96.png,ART SHIP 004-015 Frozen Master,assets/before_the_fame/characters/bunmi/bunmi_neutral_80x96.png,YES,RENDERED AS APPROVED ART,NONE
velvet,VELVET VANTABLACK,woman,assets/before_the_fame/characters/velvet/velvet_vantablack_profile_80x96.png,ART SHIP 004-015 Frozen Master,assets/before_the_fame/characters/velvet/velvet_vantablack_profile_80x96.png,YES,RENDERED AS APPROVED ART,NONE
june,JUNE,woman,assets/before_the_fame/characters/june/june_neutral_80x96.png,ART SHIP 004-015 Frozen Master,assets/before_the_fame/characters/june/june_neutral_80x96.png,YES,RENDERED AS APPROVED ART,NONE
ms_patrice,MS. PATRICE,woman,assets/before_the_fame/characters/ms_patrice/ms_patrice_neutral_80x96.png,ART SHIP 004-015 Frozen Master,assets/before_the_fame/characters/ms_patrice/ms_patrice_neutral_80x96.png,YES,RENDERED AS APPROVED ART,NONE
anfeesa,DJ ANFEESA,woman,assets/before_the_fame/characters/anfeesa/dj_anfeesa_neutral_80x96.png,ART SHIP 004-015 Frozen Master,assets/before_the_fame/characters/anfeesa/dj_anfeesa_neutral_80x96.png,YES,RENDERED AS APPROVED ART,NONE
shannon_001,SHANNON,person,assets/property/characters/shannon/shannon_neutral_80x96.png,ART SHIP 004-015 Frozen Master,assets/property/characters/shannon/shannon_neutral_80x96.png,YES,RENDERED AS APPROVED ART,NONE
importer,IMPORT GUY,person,assets/jdm_imports/characters/importer/importer_neutral.png,ART SHIP 004-015 Frozen Master,assets/jdm_imports/characters/importer/importer_neutral.png,YES,RENDERED AS APPROVED ART,NONE
tristan,TRISTAN,person,assets/before_the_fame/characters/tristan/tristan_neutral_80x96.png,ART SHIP 004-015 Frozen Master,assets/before_the_fame/characters/tristan/tristan_neutral_80x96.png,YES,RENDERED AS APPROVED ART,NONE
rookoko,ROOKOKO,person,assets/before_the_fame/characters/rookoko/rookoko_neutral_80x96.png,ART SHIP 004-015 Frozen Master,assets/before_the_fame/characters/rookoko/rookoko_neutral_80x96.png,YES,RENDERED AS APPROVED ART,NONE
coffe,COFFE,person,assets/before_the_fame/characters/coffe/coffe_neutral_80x96.png,ART SHIP 004-015 Frozen Master,assets/before_the_fame/characters/coffe/coffe_neutral_80x96.png,YES,RENDERED AS APPROVED ART,NONE
tunde,TUNDE,person,assets/before_the_fame/characters/tunde/tunde_neutral_80x96.png,ART SHIP 004-015 Frozen Master,assets/before_the_fame/characters/tunde/tunde_neutral_80x96.png,YES,RENDERED AS APPROVED ART,NONE
dre,DRE,person,assets/before_the_fame/characters/dre/dre_neutral_80x96.png,ART SHIP 004-015 Frozen Master,assets/before_the_fame/characters/dre/dre_neutral_80x96.png,YES,RENDERED AS APPROVED ART,NONE
uncle_sunday,UNCLE SUNDAY,person,assets/before_the_fame/characters/uncle_sunday/uncle_sunday_neutral_80x96.png,ART SHIP 004-015 Frozen Master,assets/before_the_fame/characters/uncle_sunday/uncle_sunday_neutral_80x96.png,YES,RENDERED AS APPROVED ART,NONE
reggie,REGGIE,person,assets/before_the_fame/characters/reggie/reggie_neutral_80x96.png,ART SHIP 004-015 Frozen Master,assets/before_the_fame/characters/reggie/reggie_neutral_80x96.png,YES,RENDERED AS APPROVED ART,NONE
okada,MR. OKADA,person,assets/before_the_fame/characters/okada/mr_okada_neutral_80x96.png,ART SHIP 004-015 Frozen Master,assets/before_the_fame/characters/okada/mr_okada_neutral_80x96.png,YES,RENDERED AS APPROVED ART,NONE
deacon_brass,DEACON BRASS,person,assets/before_the_fame/characters/deacon_brass/deacon_brass_neutral_80x96.png,ART SHIP 004-015 Frozen Master,assets/before_the_fame/characters/deacon_brass/deacon_brass_neutral_80x96.png,YES,RENDERED AS APPROVED ART,NONE
bllad33,BLLAD33,person,assets/bllad33/masters/bllad33_neutral_candidate_80x96.png,ART SHIP 004-015 Frozen Master,assets/bllad33/masters/bllad33_neutral_candidate_80x96.png,YES,RENDERED AS APPROVED ART,NONE
hilt,HILT,person,assets/before_the_fame/characters/hilt/hilt_neutral_80x96.png,ART SHIP 004-015 Frozen Master,assets/before_the_fame/characters/hilt/hilt_neutral_80x96.png,YES,RENDERED AS APPROVED ART,NONE
ogun,OGUN,person,assets/ogun_rave/masters/ogun_neutral_80x96.png,ART SHIP 004-015 Frozen Master,assets/ogun_rave/masters/ogun_neutral_80x96.png,YES,RENDERED AS APPROVED ART,NONE
lil_smack,LIL SMACK,person,assets/before_the_fame/characters/lil_smack/lil_smack_eating_80x96.png,ART SHIP 004-015 Frozen Master,assets/before_the_fame/characters/lil_smack/lil_smack_eating_80x96.png,YES,RENDERED AS APPROVED ART,NONE
officer_nodd,OFFICER NODD,person,assets/before_the_fame/characters/officer_nodd/officer_nodd_neutral_80x96.png,ART SHIP 004-015 Frozen Master,assets/before_the_fame/characters/officer_nodd/officer_nodd_neutral_80x96.png,YES,RENDERED AS APPROVED ART,NONE
don_chuy,DON CHUY,person,assets/before_the_fame/characters/don_chuy/don_chuy_neutral_80x96.png,ART SHIP 004-015 Frozen Master,assets/before_the_fame/characters/don_chuy/don_chuy_neutral_80x96.png,YES,RENDERED AS APPROVED ART,NONE
bruce_loose,BRUCE LOOSE,person,assets/before_the_fame/characters/bruce_loose/bruce_loose_neutral_80x96.png,ART SHIP 004-015 Frozen Master,assets/before_the_fame/characters/bruce_loose/bruce_loose_neutral_80x96.png,YES,RENDERED AS APPROVED ART,NONE
kevin,KEVIN,person,assets/before_the_fame/characters/kevin/kagebunshin_kevin_neutral_80x96.png,ART SHIP 004-015 Frozen Master,assets/before_the_fame/characters/kevin/kagebunshin_kevin_neutral_80x96.png,YES,RENDERED AS APPROVED ART,NONE
phil,POWER LEVEL PHIL,person,assets/before_the_fame/characters/phil/power_level_phil_charging_day1_80x96.png,ART SHIP 004-015 Frozen Master,assets/before_the_fame/characters/phil/power_level_phil_charging_day1_80x96.png,YES,RENDERED AS APPROVED ART,NONE
iron_jaw,IRON JAW,person,assets/before_the_fame/characters/iron_jaw/iron_jaw_neutral_80x96.png,ART SHIP 004-015 Frozen Master,assets/before_the_fame/characters/iron_jaw/iron_jaw_neutral_80x96.png,YES,RENDERED AS APPROVED ART,NONE
tokyo_tony,TOKYO TONY,person,assets/before_the_fame/characters/tokyo_tony/tokyo_tony_smug_80x96.png,ART SHIP 004-015 Frozen Master,assets/before_the_fame/characters/tokyo_tony/tokyo_tony_smug_80x96.png,YES,RENDERED AS APPROVED ART,NONE
bonesworth,SIR BONESWORTH,person,assets/before_the_fame/characters/bonesworth/sir_bonesworth_hungover_80x96.png,ART SHIP 004-015 Frozen Master,assets/before_the_fame/characters/bonesworth/sir_bonesworth_hungover_80x96.png,YES,RENDERED AS APPROVED ART,NONE
vicky,VICKY,person,assets/before_the_fame/characters/vicky/vicky_neutral_80x96.png,ART SHIP 004-015 Frozen Master,assets/before_the_fame/characters/vicky/vicky_neutral_80x96.png,YES,RENDERED AS APPROVED ART,NONE
mom,MOM,person,assets/before_the_fame/characters/mom/mom_neutral_80x96.png,ART SHIP 004-015 Frozen Master,assets/before_the_fame/characters/mom/mom_neutral_80x96.png,YES,RENDERED AS APPROVED ART,NONE
dad,DAD,person,assets/before_the_fame/characters/dad/dad_neutral_80x96.png,ART SHIP 004-015 Frozen Master,assets/before_the_fame/characters/dad/dad_neutral_80x96.png,YES,RENDERED AS APPROVED ART,NONE
sister,SISTER,person,assets/before_the_fame/characters/sister/sister_neutral_80x96.png,ART SHIP 004-015 Frozen Master,assets/before_the_fame/characters/sister/sister_neutral_80x96.png,YES,RENDERED AS APPROVED ART,NONE
brother1,BIG BRO,person,assets/before_the_fame/art_ship_015/package_a/A-family-brother1.png,ART SHIP 004-015 Frozen Master,assets/before_the_fame/art_ship_015/package_a/A-family-brother1.png,YES,RENDERED AS APPROVED ART,NONE
brother2,LIL BRO,person,assets/before_the_fame/art_ship_015/package_a/A-family-brother2.png,ART SHIP 004-015 Frozen Master,assets/before_the_fame/art_ship_015/package_a/A-family-brother2.png,YES,RENDERED AS APPROVED ART,NONE
octopus_sensei,OCTOPUS SENSEI,person,assets/goldfish_years/characters/octopus_sensei/octopus_sensei_neutral_96x96.png,ART SHIP 004-015 Frozen Master,assets/goldfish_years/characters/octopus_sensei/octopus_sensei_neutral_96x96.png,YES,RENDERED AS APPROVED ART,NONE
god,???,person,assets/before_the_fame/art_ship_015/package_a/A-god-seated_on_curb.png,ART SHIP 004-015 Frozen Master,assets/before_the_fame/art_ship_015/package_a/A-god-seated_on_curb.png,YES,RENDERED AS APPROVED ART,NONE
j_circle,J-CIRCLE,person,assets/before_the_fame/characters/j_circle/j_circle_entrance_80x96.png,ART SHIP 004-015 Frozen Master,assets/before_the_fame/characters/j_circle/j_circle_entrance_80x96.png,YES,RENDERED AS APPROVED ART,NONE
trippin_red,TRIPPIN' RED,person,assets/before_the_fame/characters/trippin_red/trippin_red_stage_ready_80x96.png,ART SHIP 004-015 Frozen Master,assets/before_the_fame/characters/trippin_red/trippin_red_stage_ready_80x96.png,YES,RENDERED AS APPROVED ART,NONE
paladin,PALADIN,person,assets/before_the_fame/characters/paladin/paladin_neutral_80x96.png,ART SHIP 004-015 Frozen Master,assets/before_the_fame/characters/paladin/paladin_neutral_80x96.png,YES,RENDERED AS APPROVED ART,NONE
bard,BARD,person,assets/before_the_fame/characters/bard/bard_neutral_80x96.png,ART SHIP 004-015 Frozen Master,assets/before_the_fame/characters/bard/bard_neutral_80x96.png,YES,RENDERED AS APPROVED ART,NONE
cleric,CLERIC,person,assets/before_the_fame/characters/cleric/cleric_neutral_80x96.png,ART SHIP 004-015 Frozen Master,assets/before_the_fame/characters/cleric/cleric_neutral_80x96.png,YES,RENDERED AS APPROVED ART,NONE
buckhead,BUCKHEAD VAMPIRE,person,assets/before_the_fame/characters/buckhead/buckhead_vampire_neutral_80x96.png,ART SHIP 004-015 Frozen Master,assets/before_the_fame/characters/buckhead/buckhead_vampire_neutral_80x96.png,YES,RENDERED AS APPROVED ART,NONE
og_hooper,THE OG,person,assets/before_the_fame/art_ship_015/package_a/A-og-hooper.png,ART SHIP 004-015 Frozen Master,assets/before_the_fame/art_ship_015/package_a/A-og-hooper.png,YES,RENDERED AS APPROVED ART,NONE
cat,THE CAT,person,assets/before_the_fame/creatures/cat/sphynx_cat_sitting_48x32.png,ART SHIP 004-015 Frozen Master,assets/before_the_fame/creatures/cat/sphynx_cat_sitting_48x32.png,YES,RENDERED AS APPROVED ART,NONE
rich_portobello,RICH,person,assets/before_the_fame/characters/rich_portobello/rich_portobello_standing_80x96.png,ART SHIP 004-015 Frozen Master,assets/before_the_fame/characters/rich_portobello/rich_portobello_standing_80x96.png,YES,RENDERED AS APPROVED ART,NONE
portobello_wife,PORTOBELLO_WIFE,person,assets/before_the_fame/characters/portobello_wife/portobello_wife_neutral_80x96.png,ART SHIP 004-015 Frozen Master,assets/before_the_fame/characters/portobello_wife/portobello_wife_neutral_80x96.png,YES,RENDERED AS APPROVED ART,NONE
portobello_kid1,PORTOBELLO_KID1,person,assets/before_the_fame/characters/portobello_kid1/portobello_kid1_neutral_80x96.png,ART SHIP 004-015 Frozen Master,assets/before_the_fame/characters/portobello_kid1/portobello_kid1_neutral_80x96.png,YES,RENDERED AS APPROVED ART,NONE
portobello_kid2,PORTOBELLO_KID2,person,assets/before_the_fame/characters/portobello_kid2/portobello_kid2_neutral_80x96.png,ART SHIP 004-015 Frozen Master,assets/before_the_fame/characters/portobello_kid2/portobello_kid2_neutral_80x96.png,YES,RENDERED AS APPROVED ART,NONE
portobello_manager,PORTOBELLO_MANAGER,person,assets/before_the_fame/characters/portobello_manager/portobello_manager_neutral_80x96.png,ART SHIP 004-015 Frozen Master,assets/before_the_fame/characters/portobello_manager/portobello_manager_neutral_80x96.png,YES,RENDERED AS APPROVED ART,NONE
auntie,THE AUNTIE,person,assets/before_the_fame/characters/auntie/auntie_register_neutral_80x96.png,ART SHIP 004-015 Frozen Master,assets/before_the_fame/characters/auntie/auntie_register_neutral_80x96.png,YES,RENDERED AS APPROVED ART,NONE
smallie,SMALLIE,person,assets/build4/p_d/p_d_smallie_80x96.png,BUILD-4 Presentation Director / OL-039,NONE (UNWIRED),YES,UNWIRED / PROCEDURAL CANVAS PLACEHOLDER,VIS-011
smallie_cousin,SMALLIE'S COUSIN,person,assets/build4/p_d/p_d_smallie_cousin_80x96.png,BUILD-4 Presentation Director / OL-039,NONE (UNWIRED),YES,UNWIRED / PROCEDURAL CANVAS PLACEHOLDER,VIS-011
gbenga,GBENGA,person,assets/before_the_fame/characters/gbenga/runtime_80x96/gbenga_neutral_anchor_80x96_v2.png,BUILD-4 / OL-039 (corrected Gbenga v2 over v1 in APPROVAL_LEDGER.md line 241),NONE (UNWIRED),YES,UNWIRED / PROCEDURAL CANVAS PLACEHOLDER,VIS-001
mama_gbenga,MAMA GBENGA,person,assets/build4/p_d/p_d_mama_gbenga_80x96.png,BUILD-4 Presentation Director / OL-039,NONE (UNWIRED),YES,UNWIRED / PROCEDURAL CANVAS PLACEHOLDER,VIS-011
carlos,CARLOS,person,assets/before_the_fame/characters/carlos/runtime_80x96/carlos_neutral_happy_anchor_80x96_review_v1.png,BUILD-4 / OL-039 (Carlos v1 in APPROVAL_LEDGER.md line 241),NONE (UNWIRED),YES,UNWIRED / PROCEDURAL CANVAS PLACEHOLDER,VIS-002
uncle_bamidele,UNCLE BAMIDELE,person,assets/build4/p_d/p_d_uncle_bamidele_80x96.png,BUILD-4 Presentation Director / OL-039,NONE (UNWIRED),YES,UNWIRED / PROCEDURAL CANVAS PLACEHOLDER,VIS-011
senator,SENATOR,person,assets/build4/p_d/p_d_senator_sitting_160x160.png,BUILD-4 Presentation Director / OL-039,NONE (UNWIRED),YES,UNWIRED / PROCEDURAL CANVAS PLACEHOLDER,VIS-003
soul,SOUL,person,assets/before_the_fame/characters/ocean_soul/ocean_soul_climbing_80x96.png,ART SHIP 004-015 Frozen Master,assets/before_the_fame/characters/ocean_soul/ocean_soul_climbing_80x96.png,YES,RENDERED AS APPROVED ART,NONE
training_dummy,TRAINING DUMMY,person,assets/before_the_fame/characters/training_dummy/training_dummy_combat_80x96.png,ART SHIP 004-015 Frozen Master,assets/before_the_fame/characters/training_dummy/training_dummy_combat_80x96.png,YES,RENDERED AS APPROVED ART,NONE
brother2,LIL BRO (Lolu),person (family),assets/before_the_fame/art_ship_015/package_a/A-family-brother2.png,ART SHIP 015 Taste Pass (Ledger #51-53),assets/before_the_fame/art_ship_015/package_a/A-family-brother2.png,YES,RENDERED AS APPROVED ART (OPEN Content A53),NONE
G1,RESERVED CAST,person (sealed),NONE,PRIVATE REVIEW REQUIRED,NONE (PRIVATE),YES,PRIVATE REVIEW REQUIRED,VIS-004